01-01-2024 00:00,Kolkata (Dum Dum / Central),22.5726,88.3639,18.19,93,0,7.5,1013.6,30,0
01-01-2024 00:10,Kolkata (Dum Dum / Central),22.5726,88.3639,18.73,94,0,8.5,1013.8,11,0
01-01-2024 00:20,Kolkata (Dum Dum / Central),22.5726,88.3639,18.67,97,0,9.6,1013,34,0
01-01-2024 00:30,Kolkata (Dum Dum / Central),22.5726,88.3639,17.72,93,0,5,1014.5,56,0
01-01-2024 00:40,Kolkata (Dum Dum / Central),22.5726,88.3639,17.93,96,0,6.8,1014.2,16,0
01-01-2024 00:50,Kolkata (Dum Dum / Central),22.5726,88.3639,18.08,92,0,10.3,1013.9,16,0
01-01-2024 01:00,Kolkata (Dum Dum / Central),22.5726,88.3639,17.05,94,0,9.7,1012.4,13,0
01-01-2024 01:10,Kolkata (Dum Dum / Central),22.5726,88.3639,16.57,100,2.24,10.7,1013.3,99,2.24
01-01-2024 01:20,Kolkata (Dum Dum / Central),22.5726,88.3639,16.78,100,0,10.2,1013.7,49,0
01-01-2024 01:30,Kolkata (Dum Dum / Central),22.5726,88.3639,18.41,96,1.4,9.9,1013.2,89,1.4
01-01-2024 01:40,Kolkata (Dum Dum / Central),22.5726,88.3639,16.9,100,0,10.6,1013,20,0
01-01-2024 01:50,Kolkata (Dum Dum / Central),22.5726,88.3639,17.48,100,1.58,10,1013.9,76,1.58
01-01-2024 02:00,Kolkata (Dum Dum / Central),22.5726,88.3639,16.76,98,0,12.4,1013.9,33,0
01-01-2024 02:10,Kolkata (Dum Dum / Central),22.5726,88.3639,17.23,92,0,12.4,1013.4,56,0
01-01-2024 02:20,Kolkata (Dum Dum / Central),22.5726,88.3639,17.75,96,0,9.3,1013.2,18,0
01-01-2024 02:30,Kolkata (Dum Dum / Central),22.5726,88.3639,16.31,100,0.97,8.9,1013.2,65,0.97
01-01-2024 02:40,Kolkata (Dum Dum / Central),22.5726,88.3639,17.44,100,0,10.1,1012.8,22,0
01-01-2024 02:50,Kolkata (Dum Dum / Central),22.5726,88.3639,17.25,100,0,9.7,1012.3,37,0
01-01-2024 03:00,Kolkata (Dum Dum / Central),22.5726,88.3639,17.07,100,0,10.1,1012.4,34,0
01-01-2024 03:10,Kolkata (Dum Dum / Central),22.5726,88.3639,17.04,93,0,9.8,1012.3,50,0
01-01-2024 03:20,Kolkata (Dum Dum / Central),22.5726,88.3639,16.58,100,0,12.4,1012.4,51,0
01-01-2024 03:30,Kolkata (Dum Dum / Central),22.5726,88.3639,17.35,91,0,11.5,1012.5,58,0
01-01-2024 03:40,Kolkata (Dum Dum / Central),22.5726,88.3639,17.65,93,0,11.7,1013.7,46,0
01-01-2024 03:50,Kolkata (Dum Dum / Central),22.5726,88.3639,17.14,98,0,15.5,1011.5,53,0
01-01-2024 04:00,Kolkata (Dum Dum / Central),22.5726,88.3639,17.56,97,0,10.7,1012.7,26,0
01-01-2024 04:10,Kolkata (Dum Dum / Central),22.5726,88.3639,18.64,96,0,11.4,1012.2,57,0
01-01-2024 04:20,Kolkata (Dum Dum / Central),22.5726,88.3639,18.9,92,0,12.3,1011.8,45,0
01-01-2024 04:30,Kolkata (Dum Dum / Central),22.5726,88.3639,18.26,90,0,13.2,1010.8,42,0
01-01-2024 04:40,Kolkata (Dum Dum / Central),22.5726,88.3639,18.18,97,0,14,1011.4,59,0
01-01-2024 04:50,Kolkata (Dum Dum / Central),22.5726,88.3639,18.05,98,0,14.3,1012.1,11,0
01-01-2024 05:00,Kolkata (Dum Dum / Central),22.5726,88.3639,18.75,89,0,14.1,1012.1,25,0
01-01-2024 05:10,Kolkata (Dum Dum / Central),22.5726,88.3639,19.16,93,0,13.2,1010.9,34,0
01-01-2024 05:20,Kolkata (Dum Dum / Central),22.5726,88.3639,19.57,93,0,12.8,1011.3,42,0
01-01-2024 05:30,Kolkata (Dum Dum / Central),22.5726,88.3639,18.82,88,0,14.5,1012.4,12,0
01-01-2024 05:40,Kolkata (Dum Dum / Central),22.5726,88.3639,18.93,89,0,13.5,1011.5,55,0
01-01-2024 05:50,Kolkata (Dum Dum / Central),22.5726,88.3639,19.51,89,0,18.3,1011.5,30,0
01-01-2024 06:00,Kolkata (Dum Dum / Central),22.5726,88.3639,19.8,88,0,16,1011.2,28,0
01-01-2024 06:10,Kolkata (Dum Dum / Central),22.5726,88.3639,19.61,88,2.07,12.8,1011.4,97,2.07
01-01-2024 06:20,Kolkata (Dum Dum / Central),22.5726,88.3639,20.27,89,0,12.8,1010.1,32,0
01-01-2024 06:30,Kolkata (Dum Dum / Central),22.5726,88.3639,19.83,83,0,11.2,1011.1,12,0
01-01-2024 06:40,Kolkata (Dum Dum / Central),22.5726,88.3639,20.53,82,0,13.9,1011.9,26,0
01-01-2024 06:50,Kolkata (Dum Dum / Central),22.5726,88.3639,20.17,82,0,13,1011.4,33,0
01-01-2024 07:00,Kolkata (Dum Dum / Central),22.5726,88.3639,22.91,77,0,13.3,1010.7,55,0
01-01-2024 07:10,Kolkata (Dum Dum / Central),22.5726,88.3639,21.61,77,0,10.4,1011.2,32,0
01-01-2024 07:20,Kolkata (Dum Dum / Central),22.5726,88.3639,22.26,80,0,11.9,1011.1,51,0
01-01-2024 07:30,Kolkata (Dum Dum / Central),22.5726,88.3639,22.22,76,0,12.7,1010.8,53,0
01-01-2024 07:40,Kolkata (Dum Dum / Central),22.5726,88.3639,21.99,82,0,15.6,1011,44,0
01-01-2024 07:50,Kolkata (Dum Dum / Central),22.5726,88.3639,22.2,81,0,10.2,1009.6,26,0
01-01-2024 08:00,Kolkata (Dum Dum / Central),22.5726,88.3639,23.57,78,0,15.9,1009.9,32,0
01-01-2024 08:10,Kolkata (Dum Dum / Central),22.5726,88.3639,23.23,75,0,9.8,1010.7,34,0
01-01-2024 08:20,Kolkata (Dum Dum / Central),22.5726,88.3639,25.06,73,0,10,1010.4,21,0
01-01-2024 08:30,Kolkata (Dum Dum / Central),22.5726,88.3639,23.83,72,0,11.9,1011.2,56,0
01-01-2024 08:40,Kolkata (Dum Dum / Central),22.5726,88.3639,23.99,71,0,16.6,1010,42,0
01-01-2024 08:50,Kolkata (Dum Dum / Central),22.5726,88.3639,23.84,76,0,14.7,1010.3,28,0
01-01-2024 09:00,Kolkata (Dum Dum / Central),22.5726,88.3639,25.32,70,0,11.7,1009.9,11,0
01-01-2024 09:10,Kolkata (Dum Dum / Central),22.5726,88.3639,25.87,69,0,15.8,1009.1,42,0
01-01-2024 09:20,Kolkata (Dum Dum / Central),22.5726,88.3639,25.74,69,3.54,9.8,1009.7,100,3.54
01-01-2024 09:30,Kolkata (Dum Dum / Central),22.5726,88.3639,25.6,68,0,11.1,1009.8,32,0
01-01-2024 09:40,Kolkata (Dum Dum / Central),22.5726,88.3639,25.52,71,0,13.3,1010.2,59,0
01-01-2024 09:50,Kolkata (Dum Dum / Central),22.5726,88.3639,26.22,68,0,14.9,1009.1,19,0
01-01-2024 10:00,Kolkata (Dum Dum / Central),22.5726,88.3639,28.31,60,0,9.2,1010.6,58,0
01-01-2024 10:10,Kolkata (Dum Dum / Central),22.5726,88.3639,28.28,57,0,11.8,1008.9,50,0
01-01-2024 10:20,Kolkata (Dum Dum / Central),22.5726,88.3639,26.27,65,0,11.1,1009.9,28,0
01-01-2024 10:30,Kolkata (Dum Dum / Central),22.5726,88.3639,27.55,63,0,8.5,1009.4,14,0
01-01-2024 10:40,Kolkata (Dum Dum / Central),22.5726,88.3639,28.08,62,0,10.5,1009.6,48,0
01-01-2024 10:50,Kolkata (Dum Dum / Central),22.5726,88.3639,27.54,59,0,14.1,1010.2,32,0
01-01-2024 11:00,Kolkata (Dum Dum / Central),22.5726,88.3639,28.99,56,0,8.4,1010.2,55,0
01-01-2024 11:10,Kolkata (Dum Dum / Central),22.5726,88.3639,29.23,58,0,10.2,1009.3,46,0
01-01-2024 11:20,Kolkata (Dum Dum / Central),22.5726,88.3639,29.09,55,0,7.9,1010,45,0
01-01-2024 11:30,Kolkata (Dum Dum / Central),22.5726,88.3639,29.11,60,0,7.8,1009.1,35,0
01-01-2024 11:40,Kolkata (Dum Dum / Central),22.5726,88.3639,28.66,53,0,11.8,1010.5,29,0
01-01-2024 11:50,Kolkata (Dum Dum / Central),22.5726,88.3639,29.2,56,0,9.4,1009.6,58,0
01-01-2024 12:00,Kolkata (Dum Dum / Central),22.5726,88.3639,30.74,49,1.22,8.1,1010.8,86,1.22
01-01-2024 12:10,Kolkata (Dum Dum / Central),22.5726,88.3639,30.3,52,0,6.6,1009.8,50,0
01-01-2024 12:20,Kolkata (Dum Dum / Central),22.5726,88.3639,30.78,48,4.78,7.8,1010.8,100,4.78
01-01-2024 12:30,Kolkata (Dum Dum / Central),22.5726,88.3639,29.34,57,0,5.3,1010,35,0
01-01-2024 12:40,Kolkata (Dum Dum / Central),22.5726,88.3639,29.66,50,0,8.7,1011.2,36,0
01-01-2024 12:50,Kolkata (Dum Dum / Central),22.5726,88.3639,30.54,49,0,7.8,1010.6,38,0
01-01-2024 13:00,Kolkata (Dum Dum / Central),22.5726,88.3639,31.15,49,0,6.6,1010.4,39,0
01-01-2024 13:10,Kolkata (Dum Dum / Central),22.5726,88.3639,30.91,46,0,7.2,1011.2,31,0
01-01-2024 13:20,Kolkata (Dum Dum / Central),22.5726,88.3639,30.87,48,0,6.7,1010.6,14,0
01-01-2024 13:30,Kolkata (Dum Dum / Central),22.5726,88.3639,30.54,52,0,5,1010.1,55,0
01-01-2024 13:40,Kolkata (Dum Dum / Central),22.5726,88.3639,30.93,48,0,5.1,1010.4,43,0
01-01-2024 13:50,Kolkata (Dum Dum / Central),22.5726,88.3639,30.88,56,0,7,1011.2,59,0
01-01-2024 14:00,Kolkata (Dum Dum / Central),22.5726,88.3639,31.51,48,0,0.3,1010.7,57,0
01-01-2024 14:10,Kolkata (Dum Dum / Central),22.5726,88.3639,31.3,52,0,7.6,1010.1,48,0
01-01-2024 14:20,Kolkata (Dum Dum / Central),22.5726,88.3639,30.41,45,0.64,7.2,1010.9,63,0.64
01-01-2024 14:30,Kolkata (Dum Dum / Central),22.5726,88.3639,31.11,43,0,2.1,1011,38,0
01-01-2024 14:40,Kolkata (Dum Dum / Central),22.5726,88.3639,31.19,48,0,6.3,1010.3,22,0
01-01-2024 14:50,Kolkata (Dum Dum / Central),22.5726,88.3639,31.24,42,0,3.3,1011.2,25,0
01-01-2024 15:00,Kolkata (Dum Dum / Central),22.5726,88.3639,31.14,48,0,4.6,1011.7,38,0
01-01-2024 15:10,Kolkata (Dum Dum / Central),22.5726,88.3639,31.07,47,0,4.3,1011,51,0
01-01-2024 15:20,Kolkata (Dum Dum / Central),22.5726,88.3639,30.48,47,0,3.2,1011.3,54,0
01-01-2024 15:30,Kolkata (Dum Dum / Central),22.5726,88.3639,31.74,46,0,6.2,1011.2,52,0
01-01-2024 15:40,Kolkata (Dum Dum / Central),22.5726,88.3639,30.39,53,0,6,1011.1,31,0
01-01-2024 15:50,Kolkata (Dum Dum / Central),22.5726,88.3639,31.65,47,0,6.2,1011.7,16,0
01-01-2024 16:00,Kolkata (Dum Dum / Central),22.5726,88.3639,29.88,56,0,2.1,1012.3,34,0
01-01-2024 16:10,Kolkata (Dum Dum / Central),22.5726,88.3639,30.66,51,0,2.3,1011.4,53,0
01-01-2024 16:20,Kolkata (Dum Dum / Central),22.5726,88.3639,28.97,55,0,3.8,1011.6,27,0
01-01-2024 16:30,Kolkata (Dum Dum / Central),22.5726,88.3639,30.82,51,0,0.6,1011.4,28,0
01-01-2024 16:40,Kolkata (Dum Dum / Central),22.5726,88.3639,30.18,54,0,4.7,1011.9,54,0
01-01-2024 16:50,Kolkata (Dum Dum / Central),22.5726,88.3639,29.96,46,0,3.8,1011.6,39,0
01-01-2024 17:00,Kolkata (Dum Dum / Central),22.5726,88.3639,29.08,56,0,4.8,1012.6,11,0
01-01-2024 17:10,Kolkata (Dum Dum / Central),22.5726,88.3639,29.85,53,0,7.3,1013.3,11,0
01-01-2024 17:20,Kolkata (Dum Dum / Central),22.5726,88.3639,29.42,52,0,3.7,1011.1,13,0
01-01-2024 17:30,Kolkata (Dum Dum / Central),22.5726,88.3639,28.72,56,0,0.9,1012.7,47,0
01-01-2024 17:40,Kolkata (Dum Dum / Central),22.5726,88.3639,30.34,46,0,7.3,1011.5,59,0
01-01-2024 17:50,Kolkata (Dum Dum / Central),22.5726,88.3639,28.25,59,0,4.8,1012,29,0
01-01-2024 18:00,Kolkata (Dum Dum / Central),22.5726,88.3639,27.76,65,0,4.2,1012.9,44,0
01-01-2024 18:10,Kolkata (Dum Dum / Central),22.5726,88.3639,27.69,59,0.3,3.4,1013.2,51,0.3
01-01-2024 18:20,Kolkata (Dum Dum / Central),22.5726,88.3639,27.77,62,0,3.8,1012.8,44,0
01-01-2024 18:30,Kolkata (Dum Dum / Central),22.5726,88.3639,27.64,67,0,6.4,1013.4,54,0
01-01-2024 18:40,Kolkata (Dum Dum / Central),22.5726,88.3639,28.39,57,1.47,3,1013.8,78,1.47
01-01-2024 18:50,Kolkata (Dum Dum / Central),22.5726,88.3639,27.66,60,0,0,1013.7,23,0
01-01-2024 19:00,Kolkata (Dum Dum / Central),22.5726,88.3639,26.42,62,0,3.1,1013.9,24,0
01-01-2024 19:10,Kolkata (Dum Dum / Central),22.5726,88.3639,26.05,71,2.09,2.2,1013.6,98,2.09
01-01-2024 19:20,Kolkata (Dum Dum / Central),22.5726,88.3639,26.14,63,0,5.2,1013.2,19,0
01-01-2024 19:30,Kolkata (Dum Dum / Central),22.5726,88.3639,25.68,65,0,0,1013.2,14,0
01-01-2024 19:40,Kolkata (Dum Dum / Central),22.5726,88.3639,26.48,71,0,1.1,1013.2,36,0
01-01-2024 19:50,Kolkata (Dum Dum / Central),22.5726,88.3639,25.9,69,0,4.8,1012.7,56,0
01-01-2024 20:00,Kolkata (Dum Dum / Central),22.5726,88.3639,23.87,73,0,3.9,1014.1,52,0
01-01-2024 20:10,Kolkata (Dum Dum / Central),22.5726,88.3639,24.24,73,0,2.5,1014.4,51,0
01-01-2024 20:20,Kolkata (Dum Dum / Central),22.5726,88.3639,23.69,73,0,8.7,1014,32,0
01-01-2024 20:30,Kolkata (Dum Dum / Central),22.5726,88.3639,23.71,74,0,1.6,1012.9,35,0
01-01-2024 20:40,Kolkata (Dum Dum / Central),22.5726,88.3639,24.41,72,0,5.4,1013.7,27,0
01-01-2024 20:50,Kolkata (Dum Dum / Central),22.5726,88.3639,23.78,75,0.43,0,1013.7,44,0.43
01-01-2024 21:00,Kolkata (Dum Dum / Central),22.5726,88.3639,22.07,82,0,3.1,1013.6,31,0
01-01-2024 21:10,Kolkata (Dum Dum / Central),22.5726,88.3639,22.41,79,0,2.9,1013.8,29,0
01-01-2024 21:20,Kolkata (Dum Dum / Central),22.5726,88.3639,22.19,80,0,1.7,1013,22,0
01-01-2024 21:30,Kolkata (Dum Dum / Central),22.5726,88.3639,21.9,84,0,4.4,1013.7,58,0
01-01-2024 21:40,Kolkata (Dum Dum / Central),22.5726,88.3639,21.83,81,0,9.3,1014.9,56,0
01-01-2024 21:50,Kolkata (Dum Dum / Central),22.5726,88.3639,21.91,70,0,5,1013.8,13,0
01-01-2024 22:00,Kolkata (Dum Dum / Central),22.5726,88.3639,20.43,88,0,8.3,1014.1,55,0
01-01-2024 22:10,Kolkata (Dum Dum / Central),22.5726,88.3639,20.37,89,0,6.9,1013.4,12,0
01-01-2024 22:20,Kolkata (Dum Dum / Central),22.5726,88.3639,20.24,88,0,7.2,1014.3,56,0
01-01-2024 22:30,Kolkata (Dum Dum / Central),22.5726,88.3639,20.51,86,0,8.8,1013.5,25,0
01-01-2024 22:40,Kolkata (Dum Dum / Central),22.5726,88.3639,20.17,84,0.02,6.9,1014.2,16,0.02
01-01-2024 22:50,Kolkata (Dum Dum / Central),22.5726,88.3639,21.18,86,1.47,4.1,1013.3,56,1.47
01-01-2024 23:00,Kolkata (Dum Dum / Central),22.5726,88.3639,18.27,95,0,5.5,1014.6,47,0
01-01-2024 23:10,Kolkata (Dum Dum / Central),22.5726,88.3639,18.87,93,2.27,6.6,1014.5,82,2.27
01-01-2024 23:20,Kolkata (Dum Dum / Central),22.5726,88.3639,19.11,91,0,7.3,1013.1,26,0
01-01-2024 23:30,Kolkata (Dum Dum / Central),22.5726,88.3639,18.38,95,0,4.6,1013.8,52,0
01-01-2024 23:40,Kolkata (Dum Dum / Central),22.5726,88.3639,19.2,92,0,3.4,1014.2,15,0
01-01-2024 23:50,Kolkata (Dum Dum / Central),22.5726,88.3639,20.05,89,0,4.9,1013.5,32,0
02-01-2024 00:00,Kolkata (Dum Dum / Central),22.5726,88.3639,17.48,99,0,10.4,1013.9,16,0
02-01-2024 00:10,Kolkata (Dum Dum / Central),22.5726,88.3639,18.64,91,0,9,1013.4,11,0
02-01-2024 00:20,Kolkata (Dum Dum / Central),22.5726,88.3639,18.03,92,0,7.5,1014.3,30,0
02-01-2024 00:30,Kolkata (Dum Dum / Central),22.5726,88.3639,18.05,96,0,9,1013.7,43,0
02-01-2024 00:40,Kolkata (Dum Dum / Central),22.5726,88.3639,17.91,91,0,9.2,1013,56,0
02-01-2024 00:50,Kolkata (Dum Dum / Central),22.5726,88.3639,17.94,93,0,7,1014.9,43,0
02-01-2024 01:00,Kolkata (Dum Dum / Central),22.5726,88.3639,16.6,95,0,7.4,1014.6,52,0
02-01-2024 01:10,Kolkata (Dum Dum / Central),22.5726,88.3639,17.73,94,2.34,9.6,1012.7,100,2.34
02-01-2024 01:20,Kolkata (Dum Dum / Central),22.5726,88.3639,17.43,98,0,11,1014.1,32,0
02-01-2024 01:30,Kolkata (Dum Dum / Central),22.5726,88.3639,17.92,98,0,10.9,1013.5,35,0
02-01-2024 01:40,Kolkata (Dum Dum / Central),22.5726,88.3639,17.46,96,4.33,12,1012.1,100,4.33
02-01-2024 01:50,Kolkata (Dum Dum / Central),22.5726,88.3639,17.91,99,0,7.2,1014.1,53,0
02-01-2024 02:00,Kolkata (Dum Dum / Central),22.5726,88.3639,16.87,99,0,14.6,1013.2,58,0
02-01-2024 02:10,Kolkata (Dum Dum / Central),22.5726,88.3639,17.07,100,0,10.7,1013.5,53,0
02-01-2024 02:20,Kolkata (Dum Dum / Central),22.5726,88.3639,16.74,100,0,9.6,1013.7,25,0
02-01-2024 02:30,Kolkata (Dum Dum / Central),22.5726,88.3639,17.79,94,0,6.8,1012.9,12,0
02-01-2024 02:40,Kolkata (Dum Dum / Central),22.5726,88.3639,17.23,99,0,6.6,1012.4,57,0
02-01-2024 02:50,Kolkata (Dum Dum / Central),22.5726,88.3639,16.46,100,2.32,11,1013,100,2.32
02-01-2024 03:00,Kolkata (Dum Dum / Central),22.5726,88.3639,17.36,100,6.79,11.9,1012.8,100,6.79
02-01-2024 03:10,Kolkata (Dum Dum / Central),22.5726,88.3639,17.38,100,0,10.7,1012.5,43,0
02-01-2024 03:20,Kolkata (Dum Dum / Central),22.5726,88.3639,17.5,100,0,10.8,1011.9,18,0
02-01-2024 03:30,Kolkata (Dum Dum / Central),22.5726,88.3639,17.64,99,0,16,1012.2,41,0
02-01-2024 03:40,Kolkata (Dum Dum / Central),22.5726,88.3639,16.12,98,0,12.1,1012.7,38,0
02-01-2024 03:50,Kolkata (Dum Dum / Central),22.5726,88.3639,17.57,100,0,11.1,1012.6,33,0
02-01-2024 04:00,Kolkata (Dum Dum / Central),22.5726,88.3639,18.21,94,0,5.4,1011.6,37,0
02-01-2024 04:10,Kolkata (Dum Dum / Central),22.5726,88.3639,18.54,94,0,14.5,1012.1,43,0
02-01-2024 04:20,Kolkata (Dum Dum / Central),22.5726,88.3639,18.02,100,0,14,1012.3,37,0
02-01-2024 04:30,Kolkata (Dum Dum / Central),22.5726,88.3639,18.47,96,0,12.7,1011.9,47,0
02-01-2024 04:40,Kolkata (Dum Dum / Central),22.5726,88.3639,17.92,96,0,11.6,1011.6,51,0
02-01-2024 04:50,Kolkata (Dum Dum / Central),22.5726,88.3639,17.59,97,0,10.7,1012.4,23,0
02-01-2024 05:00,Kolkata (Dum Dum / Central),22.5726,88.3639,19.38,84,0,14.1,1012.6,43,0
02-01-2024 05:10,Kolkata (Dum Dum / Central),22.5726,88.3639,18.9,92,0,15.2,1011.4,19,0
02-01-2024 05:20,Kolkata (Dum Dum / Central),22.5726,88.3639,18.46,92,0,13.2,1011.7,31,0
02-01-2024 05:30,Kolkata (Dum Dum / Central),22.5726,88.3639,18.96,90,0,12.4,1012.4,31,0
02-01-2024 05:40,Kolkata (Dum Dum / Central),22.5726,88.3639,18.76,98,0,12.6,1010.5,21,0
02-01-2024 05:50,Kolkata (Dum Dum / Central),22.5726,88.3639,19.42,93,0,14.2,1011.5,55,0
02-01-2024 06:00,Kolkata (Dum Dum / Central),22.5726,88.3639,21.15,84,0,13.5,1010.7,41,0
02-01-2024 06:10,Kolkata (Dum Dum / Central),22.5726,88.3639,19.86,91,0.25,13.9,1011.1,43,0.25
02-01-2024 06:20,Kolkata (Dum Dum / Central),22.5726,88.3639,20.33,91,0,11.6,1010.7,47,0
02-01-2024 06:30,Kolkata (Dum Dum / Central),22.5726,88.3639,20.54,85,0,18,1010.2,24,0
02-01-2024 06:40,Kolkata (Dum Dum / Central),22.5726,88.3639,20.29,85,0,14.1,1011.2,17,0
02-01-2024 06:50,Kolkata (Dum Dum / Central),22.5726,88.3639,20.82,89,0,13.4,1011.4,33,0
02-01-2024 07:00,Kolkata (Dum Dum / Central),22.5726,88.3639,22.14,84,0,10,1010.9,26,0
02-01-2024 07:10,Kolkata (Dum Dum / Central),22.5726,88.3639,21.44,83,0,9.6,1010.9,31,0
02-01-2024 07:20,Kolkata (Dum Dum / Central),22.5726,88.3639,21.87,84,0,16.8,1010.4,17,0
02-01-2024 07:30,Kolkata (Dum Dum / Central),22.5726,88.3639,22.35,79,0,14.4,1010.8,20,0
02-01-2024 07:40,Kolkata (Dum Dum / Central),22.5726,88.3639,21.7,81,0,12.8,1010,55,0
02-01-2024 07:50,Kolkata (Dum Dum / Central),22.5726,88.3639,22.94,80,0,14.9,1010.6,41,0
02-01-2024 08:00,Kolkata (Dum Dum / Central),22.5726,88.3639,23.31,73,0.34,13,1010.3,67,0.34
02-01-2024 08:10,Kolkata (Dum Dum / Central),22.5726,88.3639,24.85,75,0,13.7,1010.5,50,0
02-01-2024 08:20,Kolkata (Dum Dum / Central),22.5726,88.3639,24.45,74,0,13.6,1011.3,16,0
02-01-2024 08:30,Kolkata (Dum Dum / Central),22.5726,88.3639,24.68,73,0,11.9,1009.7,50,0
02-01-2024 08:40,Kolkata (Dum Dum / Central),22.5726,88.3639,24.33,77,0,11.7,1010.5,34,0
02-01-2024 08:50,Kolkata (Dum Dum / Central),22.5726,88.3639,24.26,71,0,15.8,1010.5,53,0
02-01-2024 09:00,Kolkata (Dum Dum / Central),22.5726,88.3639,25.83,67,0,10.7,1009.4,44,0
02-01-2024 09:10,Kolkata (Dum Dum / Central),22.5726,88.3639,26.05,65,0,13.4,1010.5,30,0
01-01-2024 00:00,Kolkata (East / Salt Lake),22.5867,88.4178,17.01,95,0,14.2,1013.9,29,0
01-01-2024 00:10,Kolkata (East / Salt Lake),22.5867,88.4178,19.23,91,0,10.2,1013.7,43,0
01-01-2024 00:20,Kolkata (East / Salt Lake),22.5867,88.4178,17.85,98,0,6.7,1012.6,21,0
01-01-2024 00:30,Kolkata (East / Salt Lake),22.5867,88.4178,17.69,97,0,8.6,1013.6,45,0
01-01-2024 00:40,Kolkata (East / Salt Lake),22.5867,88.4178,17.11,97,0,11.1,1014.6,56,0
01-01-2024 00:50,Kolkata (East / Salt Lake),22.5867,88.4178,17.59,97,0,5.4,1014.3,34,0
01-01-2024 01:00,Kolkata (East / Salt Lake),22.5867,88.4178,17,99,0.91,9,1013.9,42,0.91
01-01-2024 01:10,Kolkata (East / Salt Lake),22.5867,88.4178,16.94,92,0,6.2,1013.2,50,0
01-01-2024 01:20,Kolkata (East / Salt Lake),22.5867,88.4178,17.99,97,0,12.1,1012.6,29,0
01-01-2024 01:30,Kolkata (East / Salt Lake),22.5867,88.4178,17.49,90,0,11.5,1013.3,53,0
01-01-2024 01:40,Kolkata (East / Salt Lake),22.5867,88.4178,18.03,100,0,9.4,1013.1,23,0
01-01-2024 01:50,Kolkata (East / Salt Lake),22.5867,88.4178,17.17,94,0.57,12.7,1013.8,72,0.57
01-01-2024 02:00,Kolkata (East / Salt Lake),22.5867,88.4178,16.76,91,0,7.4,1013.3,43,0
01-01-2024 02:10,Kolkata (East / Salt Lake),22.5867,88.4178,15.94,100,0,8.6,1013.3,32,0
01-01-2024 02:20,Kolkata (East / Salt Lake),22.5867,88.4178,17.14,96,0,10.3,1013,14,0
01-01-2024 02:30,Kolkata (East / Salt Lake),22.5867,88.4178,17.33,95,0,12.7,1013.6,58,0
01-01-2024 02:40,Kolkata (East / Salt Lake),22.5867,88.4178,17.32,93,0,6.8,1013.5,14,0
01-01-2024 02:50,Kolkata (East / Salt Lake),22.5867,88.4178,17.17,94,0,12.5,1012.9,42,0
01-01-2024 03:00,Kolkata (East / Salt Lake),22.5867,88.4178,17.41,100,0,14,1012.9,13,0
01-01-2024 03:10,Kolkata (East / Salt Lake),22.5867,88.4178,17.18,100,3.15,14.1,1012.4,100,3.15
01-01-2024 03:20,Kolkata (East / Salt Lake),22.5867,88.4178,17.3,94,0,14.2,1013.3,24,0
01-01-2024 03:30,Kolkata (East / Salt Lake),22.5867,88.4178,16.23,100,0,10.3,1011.9,42,0
01-01-2024 03:40,Kolkata (East / Salt Lake),22.5867,88.4178,18.06,97,0,17.8,1012.5,55,0
01-01-2024 03:50,Kolkata (East / Salt Lake),22.5867,88.4178,16.42,100,0,12.9,1012.8,52,0
01-01-2024 04:00,Kolkata (East / Salt Lake),22.5867,88.4178,17.81,96,0.09,9.5,1012,32,0.09
01-01-2024 04:10,Kolkata (East / Salt Lake),22.5867,88.4178,18.13,91,0,14.3,1011.7,55,0
01-01-2024 04:20,Kolkata (East / Salt Lake),22.5867,88.4178,16.98,99,0,13,1012,27,0
01-01-2024 04:30,Kolkata (East / Salt Lake),22.5867,88.4178,17.98,99,0,12.5,1011.3,53,0
01-01-2024 04:40,Kolkata (East / Salt Lake),22.5867,88.4178,17.64,97,0,12,1012.4,51,0
01-01-2024 04:50,Kolkata (East / Salt Lake),22.5867,88.4178,18.18,87,0,14.7,1012.2,22,0
01-01-2024 05:00,Kolkata (East / Salt Lake),22.5867,88.4178,18.91,93,0,11.9,1010.9,19,0
01-01-2024 05:10,Kolkata (East / Salt Lake),22.5867,88.4178,19.14,91,0,11.4,1011.9,36,0
01-01-2024 05:20,Kolkata (East / Salt Lake),22.5867,88.4178,18.9,95,0,11.7,1011.7,27,0
01-01-2024 05:30,Kolkata (East / Salt Lake),22.5867,88.4178,18.48,92,0,12.1,1011.7,53,0
01-01-2024 05:40,Kolkata (East / Salt Lake),22.5867,88.4178,19.66,94,0,14.3,1010.8,19,0
01-01-2024 05:50,Kolkata (East / Salt Lake),22.5867,88.4178,19.38,85,0,16.2,1011.2,51,0
01-01-2024 06:00,Kolkata (East / Salt Lake),22.5867,88.4178,20.78,90,0,14.6,1010.3,55,0
01-01-2024 06:10,Kolkata (East / Salt Lake),22.5867,88.4178,19.68,93,0,11.8,1010.9,15,0
01-01-2024 06:20,Kolkata (East / Salt Lake),22.5867,88.4178,20.12,87,0,10.3,1011.4,36,0
01-01-2024 06:30,Kolkata (East / Salt Lake),22.5867,88.4178,21.34,85,0,10,1010.3,12,0
01-01-2024 06:40,Kolkata (East / Salt Lake),22.5867,88.4178,20.49,86,0,14.1,1011,31,0
01-01-2024 06:50,Kolkata (East / Salt Lake),22.5867,88.4178,20.77,82,0,9.9,1010.1,25,0
01-01-2024 07:00,Kolkata (East / Salt Lake),22.5867,88.4178,21.02,82,0,11.3,1011,49,0
01-01-2024 07:10,Kolkata (East / Salt Lake),22.5867,88.4178,21.86,82,0,11.8,1010.8,17,0
01-01-2024 07:20,Kolkata (East / Salt Lake),22.5867,88.4178,22.44,81,0,12.2,1010.4,23,0
01-01-2024 07:30,Kolkata (East / Salt Lake),22.5867,88.4178,21.61,77,0,15.4,1010.6,18,0
01-01-2024 07:40,Kolkata (East / Salt Lake),22.5867,88.4178,22.28,79,0,12.8,1011,15,0
01-01-2024 07:50,Kolkata (East / Salt Lake),22.5867,88.4178,22.23,79,0,16.4,1010.7,33,0
01-01-2024 08:00,Kolkata (East / Salt Lake),22.5867,88.4178,23.82,73,0,10,1010.1,24,0
01-01-2024 08:10,Kolkata (East / Salt Lake),22.5867,88.4178,23.48,79,1.54,10.9,1011.6,72,1.54
01-01-2024 08:20,Kolkata (East / Salt Lake),22.5867,88.4178,24.46,67,0,11,1010.5,25,0
01-01-2024 08:30,Kolkata (East / Salt Lake),22.5867,88.4178,22.74,78,0,13.3,1010.3,43,0
01-01-2024 08:40,Kolkata (East / Salt Lake),22.5867,88.4178,23.1,75,0,13.8,1010,27,0
01-01-2024 08:50,Kolkata (East / Salt Lake),22.5867,88.4178,23.17,80,0,11.9,1011,14,0
01-01-2024 09:00,Kolkata (East / Salt Lake),22.5867,88.4178,25.89,66,0.41,10,1009.8,54,0.41
01-01-2024 09:10,Kolkata (East / Salt Lake),22.5867,88.4178,26.28,70,0,12.4,1010.7,49,0
01-01-2024 09:20,Kolkata (East / Salt Lake),22.5867,88.4178,26.29,61,0,13.3,1010.4,48,0
01-01-2024 09:30,Kolkata (East / Salt Lake),22.5867,88.4178,26.67,61,0,14,1009.9,36,0
01-01-2024 09:40,Kolkata (East / Salt Lake),22.5867,88.4178,26.25,68,0,11.1,1009.5,11,0
01-01-2024 09:50,Kolkata (East / Salt Lake),22.5867,88.4178,26.01,71,0,8.5,1010.6,48,0
01-01-2024 10:00,Kolkata (East / Salt Lake),22.5867,88.4178,27.71,64,0,10.5,1010.3,46,0
01-01-2024 10:10,Kolkata (East / Salt Lake),22.5867,88.4178,27.56,58,0,12,1009.4,35,0
01-01-2024 10:20,Kolkata (East / Salt Lake),22.5867,88.4178,27.72,64,0,11.1,1010.1,51,0
01-01-2024 10:30,Kolkata (East / Salt Lake),22.5867,88.4178,28.07,56,0,11.2,1009.9,38,0
01-01-2024 10:40,Kolkata (East / Salt Lake),22.5867,88.4178,27.9,58,0,8.6,1008.9,43,0
01-01-2024 10:50,Kolkata (East / Salt Lake),22.5867,88.4178,27.68,60,0,11.4,1009.7,54,0
01-01-2024 11:00,Kolkata (East / Salt Lake),22.5867,88.4178,29.96,53,0,8.6,1010.2,32,0
01-01-2024 11:10,Kolkata (East / Salt Lake),22.5867,88.4178,28.28,56,0,7.1,1009.2,24,0
01-01-2024 11:20,Kolkata (East / Salt Lake),22.5867,88.4178,29.58,55,0,10.5,1010.7,19,0
01-01-2024 11:30,Kolkata (East / Salt Lake),22.5867,88.4178,28.32,57,0,10.6,1010.7,13,0
01-01-2024 11:40,Kolkata (East / Salt Lake),22.5867,88.4178,28.66,57,2.4,7.3,1010,81,2.4
01-01-2024 11:50,Kolkata (East / Salt Lake),22.5867,88.4178,29.37,55,0,7.6,1010.2,41,0
01-01-2024 12:00,Kolkata (East / Salt Lake),22.5867,88.4178,30.34,51,0,9.7,1009.2,34,0
01-01-2024 12:10,Kolkata (East / Salt Lake),22.5867,88.4178,29.5,53,0,7.6,1010.1,29,0
01-01-2024 12:20,Kolkata (East / Salt Lake),22.5867,88.4178,30.22,54,0,9.5,1010.1,41,0
01-01-2024 12:30,Kolkata (East / Salt Lake),22.5867,88.4178,30.21,47,0,5.4,1010.4,30,0
01-01-2024 12:40,Kolkata (East / Salt Lake),22.5867,88.4178,29.99,51,0,7.8,1010.2,34,0
01-01-2024 12:50,Kolkata (East / Salt Lake),22.5867,88.4178,30.47,53,0,9,1010.6,32,0
01-01-2024 13:00,Kolkata (East / Salt Lake),22.5867,88.4178,31.91,49,0,8.7,1010.7,28,0
01-01-2024 13:10,Kolkata (East / Salt Lake),22.5867,88.4178,30.16,51,0,8.4,1010.1,17,0
01-01-2024 13:20,Kolkata (East / Salt Lake),22.5867,88.4178,31.41,46,0,8.2,1010.9,19,0
01-01-2024 13:30,Kolkata (East / Salt Lake),22.5867,88.4178,31.53,50,0,6.4,1010.6,18,0
01-01-2024 13:40,Kolkata (East / Salt Lake),22.5867,88.4178,30.37,53,0.69,8,1010.8,37,0.69
01-01-2024 13:50,Kolkata (East / Salt Lake),22.5867,88.4178,30.88,40,0,10.2,1010.4,56,0
01-01-2024 14:00,Kolkata (East / Salt Lake),22.5867,88.4178,31.11,51,0,4.7,1010.4,30,0
01-01-2024 14:10,Kolkata (East / Salt Lake),22.5867,88.4178,31.49,47,0,5.8,1010.7,12,0
01-01-2024 14:20,Kolkata (East / Salt Lake),22.5867,88.4178,31.93,51,0,8.7,1011.8,43,0
01-01-2024 14:30,Kolkata (East / Salt Lake),22.5867,88.4178,30.5,52,0,6.9,1011.5,21,0
01-01-2024 14:40,Kolkata (East / Salt Lake),22.5867,88.4178,31.04,53,0,6.2,1010.7,45,0
01-01-2024 14:50,Kolkata (East / Salt Lake),22.5867,88.4178,30.68,46,0,5.9,1011.3,37,0
01-01-2024 15:00,Kolkata (East / Salt Lake),22.5867,88.4178,31.69,43,0,6.2,1011.9,36,0
01-01-2024 15:10,Kolkata (East / Salt Lake),22.5867,88.4178,30.94,49,0,4.7,1010.6,52,0
01-01-2024 15:20,Kolkata (East / Salt Lake),22.5867,88.4178,30.92,49,0,3.3,1010.8,55,0
01-01-2024 15:30,Kolkata (East / Salt Lake),22.5867,88.4178,30.06,44,0,6.3,1012.2,14,0
01-01-2024 15:40,Kolkata (East / Salt Lake),22.5867,88.4178,30.81,50,0,5.2,1010.9,50,0
01-01-2024 15:50,Kolkata (East / Salt Lake),22.5867,88.4178,30.96,47,0,2.6,1011,45,0
01-01-2024 16:00,Kolkata (East / Salt Lake),22.5867,88.4178,29.53,48,0,3.6,1011.6,15,0
01-01-2024 16:10,Kolkata (East / Salt Lake),22.5867,88.4178,28.85,59,0,3.8,1012.3,24,0
01-01-2024 16:20,Kolkata (East / Salt Lake),22.5867,88.4178,29.28,53,0,5.3,1011.4,30,0
01-01-2024 16:30,Kolkata (East / Salt Lake),22.5867,88.4178,30.21,48,0,2.5,1012.8,34,0
01-01-2024 16:40,Kolkata (East / Salt Lake),22.5867,88.4178,30.19,50,0,3.1,1012.1,33,0
01-01-2024 16:50,Kolkata (East / Salt Lake),22.5867,88.4178,30.25,57,0,3.2,1012.6,15,0
01-01-2024 17:00,Kolkata (East / Salt Lake),22.5867,88.4178,29.15,53,0,0,1012,19,0
01-01-2024 17:10,Kolkata (East / Salt Lake),22.5867,88.4178,29.26,61,0,2.6,1012.1,49,0
01-01-2024 17:20,Kolkata (East / Salt Lake),22.5867,88.4178,27.88,60,0,5.5,1012.1,35,0
01-01-2024 17:30,Kolkata (East / Salt Lake),22.5867,88.4178,28.23,59,0,2.2,1012.2,31,0
01-01-2024 17:40,Kolkata (East / Salt Lake),22.5867,88.4178,28.99,58,0,4.9,1012.5,58,0
01-01-2024 17:50,Kolkata (East / Salt Lake),22.5867,88.4178,28.86,66,0,2.3,1013.1,32,0
01-01-2024 18:00,Kolkata (East / Salt Lake),22.5867,88.4178,27.56,57,0,1.4,1013.5,37,0
01-01-2024 18:10,Kolkata (East / Salt Lake),22.5867,88.4178,28.02,55,0,0.6,1013.1,55,0
01-01-2024 18:20,Kolkata (East / Salt Lake),22.5867,88.4178,27.99,61,0,4.6,1012.9,12,0
01-01-2024 18:30,Kolkata (East / Salt Lake),22.5867,88.4178,27.51,57,0,3.6,1013.4,17,0
01-01-2024 18:40,Kolkata (East / Salt Lake),22.5867,88.4178,27.4,58,0,3.4,1013.1,28,0
01-01-2024 18:50,Kolkata (East / Salt Lake),22.5867,88.4178,27.76,60,0,1.2,1013.6,30,0
01-01-2024 19:00,Kolkata (East / Salt Lake),22.5867,88.4178,25.38,70,0,6.8,1013.5,12,0
01-01-2024 19:10,Kolkata (East / Salt Lake),22.5867,88.4178,25.41,70,0,6.8,1013.6,47,0
01-01-2024 19:20,Kolkata (East / Salt Lake),22.5867,88.4178,25.66,62,0,1,1013,53,0
01-01-2024 19:30,Kolkata (East / Salt Lake),22.5867,88.4178,25.88,67,0,4.9,1013.7,57,0
01-01-2024 19:40,Kolkata (East / Salt Lake),22.5867,88.4178,25.69,66,0,1.6,1013.7,50,0
01-01-2024 19:50,Kolkata (East / Salt Lake),22.5867,88.4178,25.24,75,0,3,1014,26,0
01-01-2024 20:00,Kolkata (East / Salt Lake),22.5867,88.4178,24.02,74,0,3,1013.4,25,0
01-01-2024 20:10,Kolkata (East / Salt Lake),22.5867,88.4178,24.23,70,0.11,3.9,1014.7,14,0.11
01-01-2024 20:20,Kolkata (East / Salt Lake),22.5867,88.4178,23.5,73,0,4.4,1013.8,55,0
01-01-2024 20:30,Kolkata (East / Salt Lake),22.5867,88.4178,24.34,71,0,4.5,1013.6,24,0
01-01-2024 20:40,Kolkata (East / Salt Lake),22.5867,88.4178,24.34,78,0,5.9,1013.7,55,0
01-01-2024 20:50,Kolkata (East / Salt Lake),22.5867,88.4178,22.91,80,0.18,3.6,1013.6,33,0.18
01-01-2024 21:00,Kolkata (East / Salt Lake),22.5867,88.4178,22.38,77,2.62,6.2,1013.7,93,2.62
01-01-2024 21:10,Kolkata (East / Salt Lake),22.5867,88.4178,22.52,78,0,1.1,1014.2,47,0
01-01-2024 21:20,Kolkata (East / Salt Lake),22.5867,88.4178,22.56,76,0,2.1,1013.3,13,0
01-01-2024 21:30,Kolkata (East / Salt Lake),22.5867,88.4178,22.81,78,0,4.6,1014.5,21,0
01-01-2024 21:40,Kolkata (East / Salt Lake),22.5867,88.4178,21.72,82,0,6.4,1014.2,18,0
01-01-2024 21:50,Kolkata (East / Salt Lake),22.5867,88.4178,22.28,83,0,2.2,1013.9,56,0
01-01-2024 22:00,Kolkata (East / Salt Lake),22.5867,88.4178,20.01,86,0,7.9,1014.9,30,0
01-01-2024 22:10,Kolkata (East / Salt Lake),22.5867,88.4178,19.99,90,0,7,1013.7,37,0
01-01-2024 22:20,Kolkata (East / Salt Lake),22.5867,88.4178,20.4,81,0.47,5.3,1013.9,58,0.47
01-01-2024 22:30,Kolkata (East / Salt Lake),22.5867,88.4178,20.28,80,0,5.1,1013.2,17,0
01-01-2024 22:40,Kolkata (East / Salt Lake),22.5867,88.4178,19.79,80,0,2.5,1014.4,23,0
01-01-2024 22:50,Kolkata (East / Salt Lake),22.5867,88.4178,20.54,81,0,4.5,1014.4,55,0
01-01-2024 23:00,Kolkata (East / Salt Lake),22.5867,88.4178,17.86,91,0,7.5,1013.8,51,0
01-01-2024 23:10,Kolkata (East / Salt Lake),22.5867,88.4178,18.66,92,0,8.8,1014,33,0
01-01-2024 23:20,Kolkata (East / Salt Lake),22.5867,88.4178,18.83,92,0,5.3,1013.2,55,0
01-01-2024 23:30,Kolkata (East / Salt Lake),22.5867,88.4178,18.15,89,1.88,4.3,1014.4,68,1.88
01-01-2024 23:40,Kolkata (East / Salt Lake),22.5867,88.4178,19.39,91,0,9.9,1014.4,39,0
01-01-2024 23:50,Kolkata (East / Salt Lake),22.5867,88.4178,18.92,89,0,7.1,1013.5,27,0
02-01-2024 00:00,Kolkata (East / Salt Lake),22.5867,88.4178,18.4,93,0,6.9,1014.5,24,0
02-01-2024 00:10,Kolkata (East / Salt Lake),22.5867,88.4178,18.6,96,1.37,9.4,1013.8,57,1.37
02-01-2024 00:20,Kolkata (East / Salt Lake),22.5867,88.4178,18.41,94,0,8.4,1014.6,36,0
02-01-2024 00:30,Kolkata (East / Salt Lake),22.5867,88.4178,18.22,96,0,13.4,1013.5,52,0
02-01-2024 00:40,Kolkata (East / Salt Lake),22.5867,88.4178,16.96,100,0,8.9,1014.2,47,0
02-01-2024 00:50,Kolkata (East / Salt Lake),22.5867,88.4178,18.86,89,0,7.5,1014.4,47,0
02-01-2024 01:00,Kolkata (East / Salt Lake),22.5867,88.4178,17.5,98,0,8.6,1013.5,24,0
02-01-2024 01:10,Kolkata (East / Salt Lake),22.5867,88.4178,17.1,97,0,7.1,1013.2,33,0
02-01-2024 01:20,Kolkata (East / Salt Lake),22.5867,88.4178,16.69,98,0.64,9.7,1012.4,45,0.64
02-01-2024 01:30,Kolkata (East / Salt Lake),22.5867,88.4178,17.88,93,0,11.2,1014.2,58,0
02-01-2024 01:40,Kolkata (East / Salt Lake),22.5867,88.4178,16.62,98,0.91,7.1,1013.5,35,0.91
02-01-2024 01:50,Kolkata (East / Salt Lake),22.5867,88.4178,17.18,97,0.8,7.6,1013.2,79,0.8
02-01-2024 02:00,Kolkata (East / Salt Lake),22.5867,88.4178,16.45,100,0,10.3,1013.1,46,0
02-01-2024 02:10,Kolkata (East / Salt Lake),22.5867,88.4178,17.12,100,0,10.9,1012.6,58,0
02-01-2024 02:20,Kolkata (East / Salt Lake),22.5867,88.4178,16.99,99,0,11.8,1013.3,54,0
02-01-2024 02:30,Kolkata (East / Salt Lake),22.5867,88.4178,16.1,100,0,14.6,1013,58,0
02-01-2024 02:40,Kolkata (East / Salt Lake),22.5867,88.4178,17.32,95,0,8.4,1013.1,10,0
02-01-2024 02:50,Kolkata (East / Salt Lake),22.5867,88.4178,18.04,92,0,8.7,1013.5,26,0
02-01-2024 03:00,Kolkata (East / Salt Lake),22.5867,88.4178,17.77,93,0,10.6,1012.5,48,0
02-01-2024 03:10,Kolkata (East / Salt Lake),22.5867,88.4178,18.56,88,0,12,1012.8,36,0
02-01-2024 03:20,Kolkata (East / Salt Lake),22.5867,88.4178,17.78,96,0,10.2,1012.6,20,0
02-01-2024 03:30,Kolkata (East / Salt Lake),22.5867,88.4178,17.06,100,0,11.3,1011.9,15,0
02-01-2024 03:40,Kolkata (East / Salt Lake),22.5867,88.4178,17.23,98,0,9.7,1012.2,45,0
02-01-2024 03:50,Kolkata (East / Salt Lake),22.5867,88.4178,16.94,100,0,12.6,1012.7,59,0
02-01-2024 04:00,Kolkata (East / Salt Lake),22.5867,88.4178,16.84,93,0,13.4,1012,56,0
02-01-2024 04:10,Kolkata (East / Salt Lake),22.5867,88.4178,17.84,95,0,9.6,1012.5,26,0
02-01-2024 04:20,Kolkata (East / Salt Lake),22.5867,88.4178,17.55,93,0,17,1012.1,14,0
02-01-2024 04:30,Kolkata (East / Salt Lake),22.5867,88.4178,18.92,91,0,11.5,1011.6,19,0
02-01-2024 04:40,Kolkata (East / Salt Lake),22.5867,88.4178,18.51,91,0,11.3,1012.4,39,0
02-01-2024 04:50,Kolkata (East / Salt Lake),22.5867,88.4178,18.2,96,0,12.7,1012.1,49,0
02-01-2024 05:00,Kolkata (East / Salt Lake),22.5867,88.4178,18.74,93,0,12.5,1011.1,43,0
02-01-2024 05:10,Kolkata (East / Salt Lake),22.5867,88.4178,18.71,92,0,15,1012.4,12,0
02-01-2024 05:20,Kolkata (East / Salt Lake),22.5867,88.4178,18.69,93,0,10.5,1011.4,25,0
02-01-2024 05:30,Kolkata (East / Salt Lake),22.5867,88.4178,19.54,93,0,14.6,1011.2,43,0
02-01-2024 05:40,Kolkata (East / Salt Lake),22.5867,88.4178,18.97,93,0.58,14.1,1010.9,62,0.58
02-01-2024 05:50,Kolkata (East / Salt Lake),22.5867,88.4178,19.08,92,0,6.8,1011.6,34,0
02-01-2024 06:00,Kolkata (East / Salt Lake),22.5867,88.4178,21.4,86,0,8,1011.9,41,0
02-01-2024 06:10,Kolkata (East / Salt Lake),22.5867,88.4178,20.12,84,0,10.7,1011,39,0
02-01-2024 06:20,Kolkata (East / Salt Lake),22.5867,88.4178,20.13,90,0,11.1,1011.5,23,0
02-01-2024 06:30,Kolkata (East / Salt Lake),22.5867,88.4178,20.06,87,0,12.3,1011.1,38,0
02-01-2024 06:40,Kolkata (East / Salt Lake),22.5867,88.4178,20.91,82,0,12.7,1011.1,20,0
02-01-2024 06:50,Kolkata (East / Salt Lake),22.5867,88.4178,21.03,84,0,12.7,1011.5,27,0
02-01-2024 07:00,Kolkata (East / Salt Lake),22.5867,88.4178,22.08,83,0.14,8,1010.5,35,0.14
02-01-2024 07:10,Kolkata (East / Salt Lake),22.5867,88.4178,22.9,80,0,13.9,1010.4,32,0
02-01-2024 07:20,Kolkata (East / Salt Lake),22.5867,88.4178,21.9,78,0,10.7,1011.1,13,0
02-01-2024 07:30,Kolkata (East / Salt Lake),22.5867,88.4178,22.29,79,0,12.8,1010.1,51,0
02-01-2024 07:40,Kolkata (East / Salt Lake),22.5867,88.4178,22.68,77,0,11.7,1010,57,0
02-01-2024 07:50,Kolkata (East / Salt Lake),22.5867,88.4178,21.93,80,0,8.5,1011.3,27,0
02-01-2024 08:00,Kolkata (East / Salt Lake),22.5867,88.4178,23.58,79,0,13.7,1009.7,31,0
02-01-2024 08:10,Kolkata (East / Salt Lake),22.5867,88.4178,23.22,79,0,13.1,1010,16,0
02-01-2024 08:20,Kolkata (East / Salt Lake),22.5867,88.4178,23.83,80,0,10.6,1009.6,30,0
02-01-2024 08:30,Kolkata (East / Salt Lake),22.5867,88.4178,23.13,77,0,12.9,1010.2,55,0
02-01-2024 08:40,Kolkata (East / Salt Lake),22.5867,88.4178,24.25,75,0.05,13.9,1009.1,13,0.05
02-01-2024 08:50,Kolkata (East / Salt Lake),22.5867,88.4178,23.96,74,0,12.1,1010,45,0
02-01-2024 09:00,Kolkata (East / Salt Lake),22.5867,88.4178,25.68,72,0,12.4,1010.1,26,0
02-01-2024 09:10,Kolkata (East / Salt Lake),22.5867,88.4178,26.15,68,0,7.8,1009.7,15,0
01-01-2024 00:00,Howrah / West Kolkata,22.5958,88.2636,18.56,90,0,8.3,1013.8,21,0
01-01-2024 00:10,Howrah / West Kolkata,22.5958,88.2636,18.02,95,0,7.1,1013.5,17,0
01-01-2024 00:20,Howrah / West Kolkata,22.5958,88.2636,18.09,96,1.39,7.6,1014.6,56,1.39
01-01-2024 00:30,Howrah / West Kolkata,22.5958,88.2636,17.95,95,0.12,9.3,1013.3,53,0.12
01-01-2024 00:40,Howrah / West Kolkata,22.5958,88.2636,18.35,94,0,9.8,1013.8,54,0
01-01-2024 00:50,Howrah / West Kolkata,22.5958,88.2636,18.16,91,0,7.5,1014,56,0
01-01-2024 01:00,Howrah / West Kolkata,22.5958,88.2636,17.73,95,0,10.2,1013.5,59,0
01-01-2024 01:10,Howrah / West Kolkata,22.5958,88.2636,16.45,100,0,9.4,1013.7,42,0
01-01-2024 01:20,Howrah / West Kolkata,22.5958,88.2636,17.24,92,0,10.6,1013.5,14,0
01-01-2024 01:30,Howrah / West Kolkata,22.5958,88.2636,17.38,100,0,6.4,1013.3,40,0
01-01-2024 01:40,Howrah / West Kolkata,22.5958,88.2636,17.02,100,0.33,4.1,1013.4,52,0.33
01-01-2024 01:50,Howrah / West Kolkata,22.5958,88.2636,17.25,99,0,13.3,1012.7,46,0
01-01-2024 02:00,Howrah / West Kolkata,22.5958,88.2636,17.09,96,0.32,10.6,1013.3,46,0.32
01-01-2024 02:10,Howrah / West Kolkata,22.5958,88.2636,16.96,94,0,10,1012.2,56,0
01-01-2024 02:20,Howrah / West Kolkata,22.5958,88.2636,17.28,98,0,8,1013.3,46,0
01-01-2024 02:30,Howrah / West Kolkata,22.5958,88.2636,17.44,95,0,8.8,1012.6,36,0
01-01-2024 02:40,Howrah / West Kolkata,22.5958,88.2636,17.44,96,0,9,1012.2,45,0
01-01-2024 02:50,Howrah / West Kolkata,22.5958,88.2636,16.33,96,0,10.3,1012.7,44,0
01-01-2024 03:00,Howrah / West Kolkata,22.5958,88.2636,17.63,91,0.73,13.8,1012.4,54,0.73
01-01-2024 03:10,Howrah / West Kolkata,22.5958,88.2636,17.48,98,0,12,1012.4,10,0
01-01-2024 03:20,Howrah / West Kolkata,22.5958,88.2636,16.47,100,0,13.4,1012.3,44,0
01-01-2024 03:30,Howrah / West Kolkata,22.5958,88.2636,17.13,94,2.8,14.4,1012.3,84,2.8
01-01-2024 03:40,Howrah / West Kolkata,22.5958,88.2636,17.06,87,0,9.8,1012,38,0
01-01-2024 03:50,Howrah / West Kolkata,22.5958,88.2636,17.02,98,0,6.3,1012.6,36,0
01-01-2024 04:00,Howrah / West Kolkata,22.5958,88.2636,18.16,95,0,11,1012.6,43,0
01-01-2024 04:10,Howrah / West Kolkata,22.5958,88.2636,17.97,99,0,12,1012.3,32,0
01-01-2024 04:20,Howrah / West Kolkata,22.5958,88.2636,18.77,99,0,10.9,1011.5,15,0
01-01-2024 04:30,Howrah / West Kolkata,22.5958,88.2636,17.42,94,0,11.1,1011.5,56,0
01-01-2024 04:40,Howrah / West Kolkata,22.5958,88.2636,18.34,97,0,8.9,1011.7,22,0
01-01-2024 04:50,Howrah / West Kolkata,22.5958,88.2636,18.53,90,0,11.6,1011.6,23,0
01-01-2024 05:00,Howrah / West Kolkata,22.5958,88.2636,19.4,87,0,11.6,1011.6,17,0
01-01-2024 05:10,Howrah / West Kolkata,22.5958,88.2636,19.95,89,0,14.4,1010.8,18,0
01-01-2024 05:20,Howrah / West Kolkata,22.5958,88.2636,17.93,94,1.5,15.7,1011.6,67,1.5
01-01-2024 05:30,Howrah / West Kolkata,22.5958,88.2636,18.63,94,0.89,15,1012,33,0.89
01-01-2024 05:40,Howrah / West Kolkata,22.5958,88.2636,19.46,89,0,12,1012,48,0
01-01-2024 05:50,Howrah / West Kolkata,22.5958,88.2636,18.87,90,0,13.5,1011.3,12,0
01-01-2024 06:00,Howrah / West Kolkata,22.5958,88.2636,20.15,93,0,10.8,1010.8,26,0
01-01-2024 06:10,Howrah / West Kolkata,22.5958,88.2636,20.85,87,0,12.2,1011.1,28,0
01-01-2024 06:20,Howrah / West Kolkata,22.5958,88.2636,20.74,89,0,13.1,1012.5,13,0
01-01-2024 06:30,Howrah / West Kolkata,22.5958,88.2636,20.65,91,0,12.6,1010,10,0
01-01-2024 06:40,Howrah / West Kolkata,22.5958,88.2636,20.71,84,0,10.8,1010.5,40,0
01-01-2024 06:50,Howrah / West Kolkata,22.5958,88.2636,20.69,88,0,13.9,1010.9,16,0
01-01-2024 07:00,Howrah / West Kolkata,22.5958,88.2636,21.52,84,0,9.3,1010.8,42,0
01-01-2024 07:10,Howrah / West Kolkata,22.5958,88.2636,21.67,78,0,14.8,1010.5,42,0
01-01-2024 07:20,Howrah / West Kolkata,22.5958,88.2636,21.47,84,0,16.5,1010.3,59,0
01-01-2024 07:30,Howrah / West Kolkata,22.5958,88.2636,21.97,80,0,11.7,1010.8,13,0
01-01-2024 07:40,Howrah / West Kolkata,22.5958,88.2636,22.52,81,0,10.9,1010.1,29,0
01-01-2024 07:50,Howrah / West Kolkata,22.5958,88.2636,22.36,79,0,13.6,1010.6,38,0
01-01-2024 08:00,Howrah / West Kolkata,22.5958,88.2636,23.33,77,0,10.1,1009.4,58,0
01-01-2024 08:10,Howrah / West Kolkata,22.5958,88.2636,23.59,73,0,13.9,1011.3,25,0
01-01-2024 08:20,Howrah / West Kolkata,22.5958,88.2636,23.59,76,0,11.2,1010.1,36,0
01-01-2024 08:30,Howrah / West Kolkata,22.5958,88.2636,24.84,75,0,15.1,1010.7,39,0
01-01-2024 08:40,Howrah / West Kolkata,22.5958,88.2636,24.5,66,0,9.2,1010.7,41,0
01-01-2024 08:50,Howrah / West Kolkata,22.5958,88.2636,24.33,68,0,12.1,1009.8,10,0
01-01-2024 09:00,Howrah / West Kolkata,22.5958,88.2636,25.16,71,0.01,8.6,1010.8,31,0.01
01-01-2024 09:10,Howrah / West Kolkata,22.5958,88.2636,25.88,65,0,10.9,1009.3,16,0
01-01-2024 09:20,Howrah / West Kolkata,22.5958,88.2636,25.76,69,0,9.9,1010.4,51,0
01-01-2024 09:30,Howrah / West Kolkata,22.5958,88.2636,25.8,74,0,12,1009.9,59,0
01-01-2024 09:40,Howrah / West Kolkata,22.5958,88.2636,25.75,70,0,5.9,1010.4,38,0
01-01-2024 09:50,Howrah / West Kolkata,22.5958,88.2636,26.79,65,0,12.3,1010.4,54,0
01-01-2024 10:00,Howrah / West Kolkata,22.5958,88.2636,27.15,60,0,8.6,1009.1,49,0
01-01-2024 10:10,Howrah / West Kolkata,22.5958,88.2636,27.73,56,0,11.5,1010.2,39,0
01-01-2024 10:20,Howrah / West Kolkata,22.5958,88.2636,27.54,63,0,7.1,1010,19,0
01-01-2024 10:30,Howrah / West Kolkata,22.5958,88.2636,27.3,66,0,7.1,1010.1,52,0
01-01-2024 10:40,Howrah / West Kolkata,22.5958,88.2636,27.91,59,0,12.5,1009.9,30,0
01-01-2024 10:50,Howrah / West Kolkata,22.5958,88.2636,28.03,61,0,11.6,1010.1,59,0
01-01-2024 11:00,Howrah / West Kolkata,22.5958,88.2636,28.71,52,0,6,1010.9,13,0
01-01-2024 11:10,Howrah / West Kolkata,22.5958,88.2636,28.71,57,0,8.3,1010.8,10,0
01-01-2024 11:20,Howrah / West Kolkata,22.5958,88.2636,28.32,61,0,12.3,1010.1,57,0
01-01-2024 11:30,Howrah / West Kolkata,22.5958,88.2636,29.35,56,0,7.3,1009.5,13,0
01-01-2024 11:40,Howrah / West Kolkata,22.5958,88.2636,29,51,0,8.8,1010.1,30,0
01-01-2024 11:50,Howrah / West Kolkata,22.5958,88.2636,29.01,56,0,10.4,1010.7,41,0
01-01-2024 12:00,Howrah / West Kolkata,22.5958,88.2636,29.36,52,0,7.5,1009.8,58,0
01-01-2024 12:10,Howrah / West Kolkata,22.5958,88.2636,30.15,61,0,9.8,1010.5,14,0
01-01-2024 12:20,Howrah / West Kolkata,22.5958,88.2636,30.27,53,0,7.3,1009.3,31,0
01-01-2024 12:30,Howrah / West Kolkata,22.5958,88.2636,30.86,48,0,8.2,1011.1,57,0
01-01-2024 12:40,Howrah / West Kolkata,22.5958,88.2636,29.92,54,0,7.5,1010.1,45,0
01-01-2024 12:50,Howrah / West Kolkata,22.5958,88.2636,29.61,52,0,10.4,1009.9,28,0
01-01-2024 13:00,Howrah / West Kolkata,22.5958,88.2636,30.89,49,0,9.4,1009.4,42,0
01-01-2024 13:10,Howrah / West Kolkata,22.5958,88.2636,31.3,51,0,7.8,1009.6,59,0
01-01-2024 13:20,Howrah / West Kolkata,22.5958,88.2636,30.58,51,1.79,7.4,1010.6,82,1.79
01-01-2024 13:30,Howrah / West Kolkata,22.5958,88.2636,30.25,52,0,6.8,1009.9,12,0
01-01-2024 13:40,Howrah / West Kolkata,22.5958,88.2636,30.61,50,0,4.9,1011.4,34,0
01-01-2024 13:50,Howrah / West Kolkata,22.5958,88.2636,30.63,51,0,9.2,1010.7,25,0
01-01-2024 14:00,Howrah / West Kolkata,22.5958,88.2636,31.18,49,0,7.6,1012.6,50,0
01-01-2024 14:10,Howrah / West Kolkata,22.5958,88.2636,30.82,53,0,5.1,1010.7,20,0
01-01-2024 14:20,Howrah / West Kolkata,22.5958,88.2636,30.86,52,0,5.8,1011.6,45,0
01-01-2024 14:30,Howrah / West Kolkata,22.5958,88.2636,30.98,50,0,5.4,1010.7,24,0
01-01-2024 14:40,Howrah / West Kolkata,22.5958,88.2636,31.08,48,0,9,1010.9,13,0
01-01-2024 14:50,Howrah / West Kolkata,22.5958,88.2636,31.64,50,0,6.1,1011.2,52,0
01-01-2024 15:00,Howrah / West Kolkata,22.5958,88.2636,31.48,43,0,4.7,1011.2,24,0
01-01-2024 15:10,Howrah / West Kolkata,22.5958,88.2636,31.48,41,0,6.7,1011.9,48,0
01-01-2024 15:20,Howrah / West Kolkata,22.5958,88.2636,30.36,56,0,2.3,1011.3,37,0
01-01-2024 15:30,Howrah / West Kolkata,22.5958,88.2636,31.08,44,0,4.8,1012,35,0
01-01-2024 15:40,Howrah / West Kolkata,22.5958,88.2636,30.25,53,0,2.9,1012.2,22,0
01-01-2024 15:50,Howrah / West Kolkata,22.5958,88.2636,30.13,53,0,6.2,1011.4,11,0
01-01-2024 16:00,Howrah / West Kolkata,22.5958,88.2636,29.38,55,0,3.3,1011.5,11,0
01-01-2024 16:10,Howrah / West Kolkata,22.5958,88.2636,30.35,51,0,8,1012.3,47,0
01-01-2024 16:20,Howrah / West Kolkata,22.5958,88.2636,29.66,56,0,4.9,1011.5,41,0
01-01-2024 16:30,Howrah / West Kolkata,22.5958,88.2636,30.29,47,0,4.9,1012.3,48,0
01-01-2024 16:40,Howrah / West Kolkata,22.5958,88.2636,30.24,52,0,2.4,1012.2,46,0
01-01-2024 16:50,Howrah / West Kolkata,22.5958,88.2636,29.97,48,0,5.6,1012.2,30,0
01-01-2024 17:00,Howrah / West Kolkata,22.5958,88.2636,28.77,61,0,2.3,1013.3,49,0
01-01-2024 17:10,Howrah / West Kolkata,22.5958,88.2636,28.62,58,0,1.8,1012.6,42,0
01-01-2024 17:20,Howrah / West Kolkata,22.5958,88.2636,29.53,52,0,3.1,1012.4,19,0
01-01-2024 17:30,Howrah / West Kolkata,22.5958,88.2636,28.07,61,0,3.1,1012.5,44,0
01-01-2024 17:40,Howrah / West Kolkata,22.5958,88.2636,29.12,60,0,1.1,1013.1,57,0
01-01-2024 17:50,Howrah / West Kolkata,22.5958,88.2636,28.97,53,0,5.1,1012.7,12,0
01-01-2024 18:00,Howrah / West Kolkata,22.5958,88.2636,28.32,64,2.12,1.3,1013.2,100,2.12
01-01-2024 18:10,Howrah / West Kolkata,22.5958,88.2636,28.33,64,0,2.6,1013.3,20,0
01-01-2024 18:20,Howrah / West Kolkata,22.5958,88.2636,26.76,64,5.95,2.8,1013.6,100,5.95
01-01-2024 18:30,Howrah / West Kolkata,22.5958,88.2636,27.5,63,2.68,0.9,1013.7,100,2.68
01-01-2024 18:40,Howrah / West Kolkata,22.5958,88.2636,28.48,58,0,3.2,1012.6,50,0
01-01-2024 18:50,Howrah / West Kolkata,22.5958,88.2636,27.88,62,0,2.2,1013.9,49,0
01-01-2024 19:00,Howrah / West Kolkata,22.5958,88.2636,26.29,67,0,2.8,1012.8,29,0
01-01-2024 19:10,Howrah / West Kolkata,22.5958,88.2636,26.76,62,1.53,1,1013.3,73,1.53
01-01-2024 19:20,Howrah / West Kolkata,22.5958,88.2636,24.98,72,1.31,3.6,1013,49,1.31
01-01-2024 19:30,Howrah / West Kolkata,22.5958,88.2636,25.62,68,0,5,1013.5,26,0
01-01-2024 19:40,Howrah / West Kolkata,22.5958,88.2636,25.98,69,0,5.6,1013.2,54,0
01-01-2024 19:50,Howrah / West Kolkata,22.5958,88.2636,25.51,66,0,3.1,1013.6,40,0
01-01-2024 20:00,Howrah / West Kolkata,22.5958,88.2636,23.74,74,2.55,2.3,1013.6,100,2.55
01-01-2024 20:10,Howrah / West Kolkata,22.5958,88.2636,23.67,73,0,6.1,1012.5,47,0
01-01-2024 20:20,Howrah / West Kolkata,22.5958,88.2636,23.79,73,0,2.7,1013.6,38,0
01-01-2024 20:30,Howrah / West Kolkata,22.5958,88.2636,23.62,71,0,4.1,1013.9,41,0
01-01-2024 20:40,Howrah / West Kolkata,22.5958,88.2636,23.76,74,0,6.4,1013.9,20,0
01-01-2024 20:50,Howrah / West Kolkata,22.5958,88.2636,24.12,70,0,3.9,1013.7,55,0
01-01-2024 21:00,Howrah / West Kolkata,22.5958,88.2636,22.34,79,0,2.7,1013.2,51,0
01-01-2024 21:10,Howrah / West Kolkata,22.5958,88.2636,21.92,78,0,5.4,1014.1,21,0
01-01-2024 21:20,Howrah / West Kolkata,22.5958,88.2636,22.39,73,0,4.5,1013.8,26,0
01-01-2024 21:30,Howrah / West Kolkata,22.5958,88.2636,23.24,75,0,3.6,1014.4,47,0
01-01-2024 21:40,Howrah / West Kolkata,22.5958,88.2636,22.05,83,0,5.3,1012.6,13,0
01-01-2024 21:50,Howrah / West Kolkata,22.5958,88.2636,22.21,84,0,3.9,1014.4,35,0
01-01-2024 22:00,Howrah / West Kolkata,22.5958,88.2636,20.06,90,0,6,1013.9,37,0
01-01-2024 22:10,Howrah / West Kolkata,22.5958,88.2636,19.21,89,1.39,5.6,1014.2,81,1.39
01-01-2024 22:20,Howrah / West Kolkata,22.5958,88.2636,20.32,83,0,4.9,1014.4,12,0
01-01-2024 22:30,Howrah / West Kolkata,22.5958,88.2636,20.76,90,0,10.5,1015.1,34,0
01-01-2024 22:40,Howrah / West Kolkata,22.5958,88.2636,21.25,85,0,6.6,1014.6,51,0
01-01-2024 22:50,Howrah / West Kolkata,22.5958,88.2636,20.18,88,0,4.2,1013.5,24,0
01-01-2024 23:00,Howrah / West Kolkata,22.5958,88.2636,19.12,92,2.31,2.2,1012.9,79,2.31
01-01-2024 23:10,Howrah / West Kolkata,22.5958,88.2636,18.75,93,0,10.5,1014,27,0
01-01-2024 23:20,Howrah / West Kolkata,22.5958,88.2636,18.96,93,0,5.5,1013.4,27,0
01-01-2024 23:30,Howrah / West Kolkata,22.5958,88.2636,20.26,87,1.07,7.3,1013.5,66,1.07
01-01-2024 23:40,Howrah / West Kolkata,22.5958,88.2636,19.41,88,8.44,6.6,1013.7,100,8.44
01-01-2024 23:50,Howrah / West Kolkata,22.5958,88.2636,18.77,93,0,7.2,1014.2,17,0
02-01-2024 00:00,Howrah / West Kolkata,22.5958,88.2636,17.31,98,0,8.7,1013.5,48,0
02-01-2024 00:10,Howrah / West Kolkata,22.5958,88.2636,18.31,90,0,7.6,1014,32,0
02-01-2024 00:20,Howrah / West Kolkata,22.5958,88.2636,18.5,90,0,6.6,1014.1,17,0
02-01-2024 00:30,Howrah / West Kolkata,22.5958,88.2636,17.84,95,1.65,10.4,1014.6,69,1.65
02-01-2024 00:40,Howrah / West Kolkata,22.5958,88.2636,17.39,98,0,6.2,1014.2,47,0
02-01-2024 00:50,Howrah / West Kolkata,22.5958,88.2636,18.38,98,0.56,7.1,1013.3,58,0.56
02-01-2024 01:00,Howrah / West Kolkata,22.5958,88.2636,17.25,98,4.2,7.1,1013.6,100,4.2
02-01-2024 01:10,Howrah / West Kolkata,22.5958,88.2636,17.21,99,0,13.4,1013.2,33,0
02-01-2024 01:20,Howrah / West Kolkata,22.5958,88.2636,17.65,98,0,8,1013.2,12,0
02-01-2024 01:30,Howrah / West Kolkata,22.5958,88.2636,17.79,95,0,11.2,1013.3,56,0
02-01-2024 01:40,Howrah / West Kolkata,22.5958,88.2636,17.81,92,0,9.6,1013.5,34,0
02-01-2024 01:50,Howrah / West Kolkata,22.5958,88.2636,17.75,96,0,9.8,1014.3,30,0
02-01-2024 02:00,Howrah / West Kolkata,22.5958,88.2636,16.97,93,0,8.1,1012.9,24,0
02-01-2024 02:10,Howrah / West Kolkata,22.5958,88.2636,17.06,95,0.63,10.6,1012.9,71,0.63
02-01-2024 02:20,Howrah / West Kolkata,22.5958,88.2636,17.95,95,0,11.4,1013.3,19,0
02-01-2024 02:30,Howrah / West Kolkata,22.5958,88.2636,17.09,95,0,7.7,1013.2,54,0
02-01-2024 02:40,Howrah / West Kolkata,22.5958,88.2636,17.1,98,0,9.8,1013.2,39,0
02-01-2024 02:50,Howrah / West Kolkata,22.5958,88.2636,17.15,99,0,10.4,1013.2,37,0
02-01-2024 03:00,Howrah / West Kolkata,22.5958,88.2636,17.02,97,0,8.5,1012.6,21,0
02-01-2024 03:10,Howrah / West Kolkata,22.5958,88.2636,17.25,98,0,13.7,1012.3,51,0
02-01-2024 03:20,Howrah / West Kolkata,22.5958,88.2636,17.19,100,0,9.2,1012.6,17,0
02-01-2024 03:30,Howrah / West Kolkata,22.5958,88.2636,17.02,100,1.25,13.9,1012.3,54,1.25
02-01-2024 03:40,Howrah / West Kolkata,22.5958,88.2636,17.03,100,0,11.3,1012.1,44,0
02-01-2024 03:50,Howrah / West Kolkata,22.5958,88.2636,17.56,96,0,12.4,1012,15,0
02-01-2024 04:00,Howrah / West Kolkata,22.5958,88.2636,17.97,96,0,10.9,1011.6,22,0
02-01-2024 04:10,Howrah / West Kolkata,22.5958,88.2636,18.71,92,0,11.9,1011.7,44,0
02-01-2024 04:20,Howrah / West Kolkata,22.5958,88.2636,16.85,100,0,11.1,1011.1,49,0
02-01-2024 04:30,Howrah / West Kolkata,22.5958,88.2636,18.74,91,0,10.5,1011.6,23,0
02-01-2024 04:40,Howrah / West Kolkata,22.5958,88.2636,18.17,89,0,12.1,1011.7,25,0
02-01-2024 04:50,Howrah / West Kolkata,22.5958,88.2636,17.18,98,0,10.6,1011.4,52,0
02-01-2024 05:00,Howrah / West Kolkata,22.5958,88.2636,17.92,93,0,15.8,1011.2,25,0
02-01-2024 05:10,Howrah / West Kolkata,22.5958,88.2636,20.05,88,0,12.2,1011.6,43,0
02-01-2024 05:20,Howrah / West Kolkata,22.5958,88.2636,19.13,94,0,13.3,1011.3,55,0
02-01-2024 05:30,Howrah / West Kolkata,22.5958,88.2636,17.63,96,0,13.8,1011.3,41,0
02-01-2024 05:40,Howrah / West Kolkata,22.5958,88.2636,19.22,89,0,12.6,1011.7,51,0
02-01-2024 05:50,Howrah / West Kolkata,22.5958,88.2636,18.62,96,0,10.7,1011.4,15,0
02-01-2024 06:00,Howrah / West Kolkata,22.5958,88.2636,21.24,79,0,13.1,1010.8,51,0
02-01-2024 06:10,Howrah / West Kolkata,22.5958,88.2636,21.14,87,0,12.6,1011.5,50,0
02-01-2024 06:20,Howrah / West Kolkata,22.5958,88.2636,20.93,84,0,12.4,1010.4,43,0
02-01-2024 06:30,Howrah / West Kolkata,22.5958,88.2636,20.69,86,0,15.1,1011.8,39,0
02-01-2024 06:40,Howrah / West Kolkata,22.5958,88.2636,20.26,85,0,12.8,1011.1,30,0
02-01-2024 06:50,Howrah / West Kolkata,22.5958,88.2636,20.05,84,0,12.7,1011,51,0
02-01-2024 07:00,Howrah / West Kolkata,22.5958,88.2636,22.41,81,2.28,12.7,1010.6,100,2.28
02-01-2024 07:10,Howrah / West Kolkata,22.5958,88.2636,21.32,87,1.18,10.8,1011.1,65,1.18
02-01-2024 07:20,Howrah / West Kolkata,22.5958,88.2636,22.07,83,0,12.5,1010.2,49,0
02-01-2024 07:30,Howrah / West Kolkata,22.5958,88.2636,21.95,79,0,12.6,1010.1,45,0
02-01-2024 07:40,Howrah / West Kolkata,22.5958,88.2636,22.61,77,0,15.3,1010,25,0
02-01-2024 07:50,Howrah / West Kolkata,22.5958,88.2636,22.37,81,0,14.2,1009.4,24,0
02-01-2024 08:00,Howrah / West Kolkata,22.5958,88.2636,24.13,70,0,12.5,1010.7,36,0
02-01-2024 08:10,Howrah / West Kolkata,22.5958,88.2636,23.58,79,0,11.6,1010.3,41,0
02-01-2024 08:20,Howrah / West Kolkata,22.5958,88.2636,23.95,72,0,9.7,1009.7,22,0
02-01-2024 08:30,Howrah / West Kolkata,22.5958,88.2636,23.63,74,0,13.9,1009.7,47,0
02-01-2024 08:40,Howrah / West Kolkata,22.5958,88.2636,24.26,76,0,12.6,1010.1,27,0
02-01-2024 08:50,Howrah / West Kolkata,22.5958,88.2636,23.58,75,0,14.1,1011.2,53,0
02-01-2024 09:00,Howrah / West Kolkata,22.5958,88.2636,25.61,70,0,8.2,1009,11,0
02-01-2024 09:10,Howrah / West Kolkata,22.5958,88.2636,26.58,68,0,13.4,1010.3,25,0
01-01-2024 00:00,Siliguri (North WB),26.7271,88.3953,18.67,93,0,7.6,1012.9,59,0
01-01-2024 00:10,Siliguri (North WB),26.7271,88.3953,17.24,97,0,8.9,1014.4,51,0
01-01-2024 00:20,Siliguri (North WB),26.7271,88.3953,17.58,96,0,9.8,1014,59,0
01-01-2024 00:30,Siliguri (North WB),26.7271,88.3953,18.53,89,0,9.4,1013.7,11,0
01-01-2024 00:40,Siliguri (North WB),26.7271,88.3953,18.52,89,0,10.1,1013.9,56,0
01-01-2024 00:50,Siliguri (North WB),26.7271,88.3953,17.79,89,0.61,8.2,1013.6,36,0.61
01-01-2024 01:00,Siliguri (North WB),26.7271,88.3953,17.46,98,0,12.2,1012.3,11,0
01-01-2024 01:10,Siliguri (North WB),26.7271,88.3953,16.97,96,0,11.8,1013.2,23,0
01-01-2024 01:20,Siliguri (North WB),26.7271,88.3953,16.65,100,0,6,1013.9,30,0
01-01-2024 01:30,Siliguri (North WB),26.7271,88.3953,17.15,100,0,6.1,1013.9,45,0
01-01-2024 01:40,Siliguri (North WB),26.7271,88.3953,17.43,100,0,10.6,1012.8,32,0
01-01-2024 01:50,Siliguri (North WB),26.7271,88.3953,17.84,100,0,10.6,1013.6,15,0
01-01-2024 02:00,Siliguri (North WB),26.7271,88.3953,17.1,97,0.93,9,1013.1,76,0.93
01-01-2024 02:10,Siliguri (North WB),26.7271,88.3953,17.77,93,0,11.7,1012,24,0
01-01-2024 02:20,Siliguri (North WB),26.7271,88.3953,17.67,96,0,7.4,1013.8,11,0
01-01-2024 02:30,Siliguri (North WB),26.7271,88.3953,16.83,98,0,10.4,1013.2,32,0
01-01-2024 02:40,Siliguri (North WB),26.7271,88.3953,16.95,100,0,10.3,1012,56,0
01-01-2024 02:50,Siliguri (North WB),26.7271,88.3953,17.14,100,0,8.7,1013.2,42,0
01-01-2024 03:00,Siliguri (North WB),26.7271,88.3953,18.1,96,0,10.9,1013.2,18,0
01-01-2024 03:10,Siliguri (North WB),26.7271,88.3953,17.58,99,0,15.7,1012,37,0
01-01-2024 03:20,Siliguri (North WB),26.7271,88.3953,17.06,99,0,7.9,1012.6,51,0
01-01-2024 03:30,Siliguri (North WB),26.7271,88.3953,16.71,96,0,10,1012.5,28,0
01-01-2024 03:40,Siliguri (North WB),26.7271,88.3953,17.2,97,1.11,9.4,1012.9,55,1.11
01-01-2024 03:50,Siliguri (North WB),26.7271,88.3953,17.7,91,2.49,14.3,1011.8,100,2.49
01-01-2024 04:00,Siliguri (North WB),26.7271,88.3953,17.25,97,0,13.3,1011.9,55,0
01-01-2024 04:10,Siliguri (North WB),26.7271,88.3953,18.8,92,5.54,15.2,1011.7,100,5.54
01-01-2024 04:20,Siliguri (North WB),26.7271,88.3953,16.81,95,0.43,13.9,1011.1,42,0.43
01-01-2024 04:30,Siliguri (North WB),26.7271,88.3953,18.47,91,0,9.8,1012,42,0
01-01-2024 04:40,Siliguri (North WB),26.7271,88.3953,16.91,96,0,12.9,1012,24,0
01-01-2024 04:50,Siliguri (North WB),26.7271,88.3953,17.53,100,0,15.5,1011.7,32,0
01-01-2024 05:00,Siliguri (North WB),26.7271,88.3953,18.9,90,0,10.8,1011.5,16,0
01-01-2024 05:10,Siliguri (North WB),26.7271,88.3953,18.85,94,0,13,1011.3,43,0
01-01-2024 05:20,Siliguri (North WB),26.7271,88.3953,18.55,95,0,13.3,1012,59,0
01-01-2024 05:30,Siliguri (North WB),26.7271,88.3953,19.6,87,0,14.6,1011.6,52,0
01-01-2024 05:40,Siliguri (North WB),26.7271,88.3953,18.26,91,0,12.2,1011.9,56,0
01-01-2024 05:50,Siliguri (North WB),26.7271,88.3953,19.29,97,0,15.2,1011.6,57,0
01-01-2024 06:00,Siliguri (North WB),26.7271,88.3953,20.48,83,0,10.2,1010.5,39,0
01-01-2024 06:10,Siliguri (North WB),26.7271,88.3953,20.8,82,0,13.9,1009.7,35,0
01-01-2024 06:20,Siliguri (North WB),26.7271,88.3953,20.84,85,0,13.8,1010.8,42,0
01-01-2024 06:30,Siliguri (North WB),26.7271,88.3953,19.73,92,0,11.8,1011.4,21,0
01-01-2024 06:40,Siliguri (North WB),26.7271,88.3953,20.41,83,0,13.3,1010.7,53,0
01-01-2024 06:50,Siliguri (North WB),26.7271,88.3953,20.38,89,0,12.1,1011.2,42,0
01-01-2024 07:00,Siliguri (North WB),26.7271,88.3953,21.5,81,0,13.3,1011.3,43,0
01-01-2024 07:10,Siliguri (North WB),26.7271,88.3953,22.41,82,0,13.9,1010.5,30,0
01-01-2024 07:20,Siliguri (North WB),26.7271,88.3953,23.32,79,0,10.3,1010.7,58,0
01-01-2024 07:30,Siliguri (North WB),26.7271,88.3953,22.26,78,0,13.1,1011.2,41,0
01-01-2024 07:40,Siliguri (North WB),26.7271,88.3953,22.9,73,0,11.8,1010.3,12,0
01-01-2024 07:50,Siliguri (North WB),26.7271,88.3953,21.92,80,0,11.2,1010.3,22,0
01-01-2024 08:00,Siliguri (North WB),26.7271,88.3953,23.88,74,0,15.7,1011.2,17,0
01-01-2024 08:10,Siliguri (North WB),26.7271,88.3953,24.08,76,0.07,13.5,1010.5,25,0.07
01-01-2024 08:20,Siliguri (North WB),26.7271,88.3953,24.03,76,0,11.4,1010.2,19,0
01-01-2024 08:30,Siliguri (North WB),26.7271,88.3953,23.95,73,0,10.5,1010.5,57,0
01-01-2024 08:40,Siliguri (North WB),26.7271,88.3953,24.08,72,0,11.7,1009.8,34,0
01-01-2024 08:50,Siliguri (North WB),26.7271,88.3953,23.61,75,0,10.1,1011.2,37,0
01-01-2024 09:00,Siliguri (North WB),26.7271,88.3953,24.49,71,0,12.6,1010.1,42,0
01-01-2024 09:10,Siliguri (North WB),26.7271,88.3953,25.8,64,0,12.5,1009.8,29,0
01-01-2024 09:20,Siliguri (North WB),26.7271,88.3953,26.07,72,0,11.2,1009.9,21,0
01-01-2024 09:30,Siliguri (North WB),26.7271,88.3953,26.4,63,0.41,16.1,1010,65,0.41
01-01-2024 09:40,Siliguri (North WB),26.7271,88.3953,26.15,70,0,14,1009.6,28,0
01-01-2024 09:50,Siliguri (North WB),26.7271,88.3953,26.67,59,0,10.4,1011.1,58,0
01-01-2024 10:00,Siliguri (North WB),26.7271,88.3953,28.02,64,0,11.3,1009.6,31,0
01-01-2024 10:10,Siliguri (North WB),26.7271,88.3953,27,62,0,13.2,1009.4,31,0
01-01-2024 10:20,Siliguri (North WB),26.7271,88.3953,26.19,64,0,8,1009.6,52,0
01-01-2024 10:30,Siliguri (North WB),26.7271,88.3953,26.95,65,0,11.9,1009.6,53,0
01-01-2024 10:40,Siliguri (North WB),26.7271,88.3953,27.48,61,0,8.4,1010.6,29,0
01-01-2024 10:50,Siliguri (North WB),26.7271,88.3953,27.23,67,0,10,1011.2,49,0
01-01-2024 11:00,Siliguri (North WB),26.7271,88.3953,28.75,55,0,7.4,1010.4,26,0
01-01-2024 11:10,Siliguri (North WB),26.7271,88.3953,28.54,52,0.42,9.4,1009.9,25,0.42
01-01-2024 11:20,Siliguri (North WB),26.7271,88.3953,28.5,58,0,7.5,1009.9,58,0
01-01-2024 11:30,Siliguri (North WB),26.7271,88.3953,29.32,51,0,9.8,1010.6,58,0
01-01-2024 11:40,Siliguri (North WB),26.7271,88.3953,29.06,58,0,6.2,1010.5,28,0
01-01-2024 11:50,Siliguri (North WB),26.7271,88.3953,28.54,54,0,8,1009.7,25,0
01-01-2024 12:00,Siliguri (North WB),26.7271,88.3953,30.32,46,0,6.5,1010.4,15,0
01-01-2024 12:10,Siliguri (North WB),26.7271,88.3953,29.32,55,0,4.8,1011,18,0
01-01-2024 12:20,Siliguri (North WB),26.7271,88.3953,29.86,55,0,7.8,1010.8,26,0
01-01-2024 12:30,Siliguri (North WB),26.7271,88.3953,31.01,51,0,7.2,1010.1,22,0
01-01-2024 12:40,Siliguri (North WB),26.7271,88.3953,29.36,58,0,6.4,1009.9,39,0
01-01-2024 12:50,Siliguri (North WB),26.7271,88.3953,31.09,49,0,6.4,1010.8,18,0
01-01-2024 13:00,Siliguri (North WB),26.7271,88.3953,30.09,51,1.56,3.6,1009.9,71,1.56
01-01-2024 13:10,Siliguri (North WB),26.7271,88.3953,30.54,48,0,9.1,1011,54,0
01-01-2024 13:20,Siliguri (North WB),26.7271,88.3953,30.08,53,0,10.5,1010.1,44,0
01-01-2024 13:30,Siliguri (North WB),26.7271,88.3953,30.34,54,0,8.3,1010.6,28,0
01-01-2024 13:40,Siliguri (North WB),26.7271,88.3953,30.99,50,0,3.7,1010,53,0
01-01-2024 13:50,Siliguri (North WB),26.7271,88.3953,30.75,48,0,7.1,1010.2,17,0
01-01-2024 14:00,Siliguri (North WB),26.7271,88.3953,32.46,41,3.08,4.4,1011.2,96,3.08
01-01-2024 14:10,Siliguri (North WB),26.7271,88.3953,31.17,49,0,5.8,1010.8,34,0
01-01-2024 14:20,Siliguri (North WB),26.7271,88.3953,30.62,48,0,6.2,1011.2,37,0
01-01-2024 14:30,Siliguri (North WB),26.7271,88.3953,31.6,43,0,4.7,1011.3,17,0
01-01-2024 14:40,Siliguri (North WB),26.7271,88.3953,31.32,50,1.37,3.2,1011.4,51,1.37
01-01-2024 14:50,Siliguri (North WB),26.7271,88.3953,30.97,49,0,6.6,1011.5,36,0
01-01-2024 15:00,Siliguri (North WB),26.7271,88.3953,30.15,57,0,7,1011.4,26,0
01-01-2024 15:10,Siliguri (North WB),26.7271,88.3953,31.03,51,0,6.9,1012,23,0
01-01-2024 15:20,Siliguri (North WB),26.7271,88.3953,31.2,47,0,1.4,1011.9,32,0
01-01-2024 15:30,Siliguri (North WB),26.7271,88.3953,30.5,50,0,1.7,1011.9,59,0
01-01-2024 15:40,Siliguri (North WB),26.7271,88.3953,31.26,46,0,4.8,1010.6,41,0
01-01-2024 15:50,Siliguri (North WB),26.7271,88.3953,30.58,49,0,4,1011,40,0
01-01-2024 16:00,Siliguri (North WB),26.7271,88.3953,29.99,51,0,5.7,1012.9,46,0
01-01-2024 16:10,Siliguri (North WB),26.7271,88.3953,29.24,50,0,2,1012.2,44,0
01-01-2024 16:20,Siliguri (North WB),26.7271,88.3953,30.16,54,0,3.7,1012,26,0
01-01-2024 16:30,Siliguri (North WB),26.7271,88.3953,29.95,55,0,5.9,1012,49,0
01-01-2024 16:40,Siliguri (North WB),26.7271,88.3953,30.13,49,0,2.2,1012.3,31,0
01-01-2024 16:50,Siliguri (North WB),26.7271,88.3953,30.22,52,0,1.5,1011.6,33,0
01-01-2024 17:00,Siliguri (North WB),26.7271,88.3953,29.01,55,0,3,1012.3,51,0
01-01-2024 17:10,Siliguri (North WB),26.7271,88.3953,28.66,60,0,3.6,1012.6,48,0
01-01-2024 17:20,Siliguri (North WB),26.7271,88.3953,29.3,58,0,3.7,1012.5,43,0
01-01-2024 17:30,Siliguri (North WB),26.7271,88.3953,29.11,56,0,3.8,1012.6,31,0
01-01-2024 17:40,Siliguri (North WB),26.7271,88.3953,29.46,54,0,0.3,1012.3,35,0
01-01-2024 17:50,Siliguri (North WB),26.7271,88.3953,28.69,60,0,3.4,1012,47,0
01-01-2024 18:00,Siliguri (North WB),26.7271,88.3953,27.35,58,0,1.2,1012,44,0
01-01-2024 18:10,Siliguri (North WB),26.7271,88.3953,27.63,66,0,2.7,1012.8,39,0
01-01-2024 18:20,Siliguri (North WB),26.7271,88.3953,26.98,60,0,3.5,1013.2,55,0
01-01-2024 18:30,Siliguri (North WB),26.7271,88.3953,27.02,59,0,4,1012.8,59,0
01-01-2024 18:40,Siliguri (North WB),26.7271,88.3953,27.1,63,0.43,3.5,1012.9,35,0.43
01-01-2024 18:50,Siliguri (North WB),26.7271,88.3953,27.5,60,0,2.3,1013,19,0
01-01-2024 19:00,Siliguri (North WB),26.7271,88.3953,25.86,74,0,5,1012.3,54,0
01-01-2024 19:10,Siliguri (North WB),26.7271,88.3953,26.06,64,0,6.1,1013.4,26,0
01-01-2024 19:20,Siliguri (North WB),26.7271,88.3953,26.21,70,0,1.9,1013.7,15,0
01-01-2024 19:30,Siliguri (North WB),26.7271,88.3953,25.47,66,1.99,2.4,1012.8,94,1.99
01-01-2024 19:40,Siliguri (North WB),26.7271,88.3953,25.61,69,0.72,6.3,1013.4,41,0.72
01-01-2024 19:50,Siliguri (North WB),26.7271,88.3953,26.53,69,0,5.5,1013.7,50,0
01-01-2024 20:00,Siliguri (North WB),26.7271,88.3953,23.9,72,0,4,1014.1,41,0
01-01-2024 20:10,Siliguri (North WB),26.7271,88.3953,24.27,75,0,4.6,1013.7,26,0
01-01-2024 20:20,Siliguri (North WB),26.7271,88.3953,24.39,78,1.32,5.9,1013.5,74,1.32
01-01-2024 20:30,Siliguri (North WB),26.7271,88.3953,23.93,69,0,4.3,1012.6,11,0
01-01-2024 20:40,Siliguri (North WB),26.7271,88.3953,23.34,75,0,2.9,1013.7,35,0
01-01-2024 20:50,Siliguri (North WB),26.7271,88.3953,23.3,78,0,0.8,1013.8,54,0
01-01-2024 21:00,Siliguri (North WB),26.7271,88.3953,21.42,83,0,2.3,1013.9,41,0
01-01-2024 21:10,Siliguri (North WB),26.7271,88.3953,22.42,78,0,7.8,1014.2,57,0
01-01-2024 21:20,Siliguri (North WB),26.7271,88.3953,22.02,76,0,1.7,1014,19,0
01-01-2024 21:30,Siliguri (North WB),26.7271,88.3953,21.64,77,0,4.5,1013.8,40,0
01-01-2024 21:40,Siliguri (North WB),26.7271,88.3953,23.02,82,0,4,1013.1,22,0
01-01-2024 21:50,Siliguri (North WB),26.7271,88.3953,22.56,76,0.83,5.9,1013.2,55,0.83
01-01-2024 22:00,Siliguri (North WB),26.7271,88.3953,20.28,88,1.21,6.9,1014.3,83,1.21
01-01-2024 22:10,Siliguri (North WB),26.7271,88.3953,20.1,81,0,2.2,1014.5,44,0
01-01-2024 22:20,Siliguri (North WB),26.7271,88.3953,20.22,87,0,5.3,1013.7,10,0
01-01-2024 22:30,Siliguri (North WB),26.7271,88.3953,20.22,93,0,4.7,1015.2,37,0
01-01-2024 22:40,Siliguri (North WB),26.7271,88.3953,19.93,90,0,7.5,1013.6,23,0
01-01-2024 22:50,Siliguri (North WB),26.7271,88.3953,19.75,88,1.88,8,1014.2,67,1.88
01-01-2024 23:00,Siliguri (North WB),26.7271,88.3953,20.18,89,0,6.2,1013.8,53,0
01-01-2024 23:10,Siliguri (North WB),26.7271,88.3953,19.53,91,0,10.5,1013.9,29,0
01-01-2024 23:20,Siliguri (North WB),26.7271,88.3953,18.92,95,0,5.6,1014,53,0
01-01-2024 23:30,Siliguri (North WB),26.7271,88.3953,19.55,87,0,9,1013.9,49,0
01-01-2024 23:40,Siliguri (North WB),26.7271,88.3953,19.48,88,0,9.5,1013.4,57,0
01-01-2024 23:50,Siliguri (North WB),26.7271,88.3953,19.44,88,0,7,1013,46,0
02-01-2024 00:00,Siliguri (North WB),26.7271,88.3953,18.28,95,0,6.5,1014.7,51,0
02-01-2024 00:10,Siliguri (North WB),26.7271,88.3953,17.96,97,0,9.2,1014,50,0
02-01-2024 00:20,Siliguri (North WB),26.7271,88.3953,17.59,96,0,10.9,1013,43,0
02-01-2024 00:30,Siliguri (North WB),26.7271,88.3953,17.98,95,0,7.7,1012.7,17,0
02-01-2024 00:40,Siliguri (North WB),26.7271,88.3953,17.14,96,0,9.1,1013.5,45,0
02-01-2024 00:50,Siliguri (North WB),26.7271,88.3953,18.9,89,0,7.3,1013.9,30,0
02-01-2024 01:00,Siliguri (North WB),26.7271,88.3953,16.48,97,0,9.2,1013.1,47,0
02-01-2024 01:10,Siliguri (North WB),26.7271,88.3953,17.54,95,0,8.1,1013.5,26,0
02-01-2024 01:20,Siliguri (North WB),26.7271,88.3953,17.83,91,0,6.6,1013.7,15,0
02-01-2024 01:30,Siliguri (North WB),26.7271,88.3953,15.89,100,0,10.7,1013.1,41,0
02-01-2024 01:40,Siliguri (North WB),26.7271,88.3953,17.32,97,0,9.1,1013.1,32,0
02-01-2024 01:50,Siliguri (North WB),26.7271,88.3953,17,100,0,11.3,1013.6,43,0
02-01-2024 02:00,Siliguri (North WB),26.7271,88.3953,17.65,92,0,9.9,1012.6,17,0
02-01-2024 02:10,Siliguri (North WB),26.7271,88.3953,17.11,97,5.26,6.8,1013.1,100,5.26
02-01-2024 02:20,Siliguri (North WB),26.7271,88.3953,17.6,96,0,13.7,1012.9,39,0
02-01-2024 02:30,Siliguri (North WB),26.7271,88.3953,16.52,96,0.09,10.9,1012.4,19,0.09
02-01-2024 02:40,Siliguri (North WB),26.7271,88.3953,16.47,98,0,11,1013.2,21,0
02-01-2024 02:50,Siliguri (North WB),26.7271,88.3953,17.57,96,0,12.6,1012.8,46,0
02-01-2024 03:00,Siliguri (North WB),26.7271,88.3953,17.1,97,0,13.5,1012.4,18,0
02-01-2024 03:10,Siliguri (North WB),26.7271,88.3953,17.61,97,0,9.6,1012.2,55,0
02-01-2024 03:20,Siliguri (North WB),26.7271,88.3953,17.33,98,0,12.7,1012.2,24,0
02-01-2024 03:30,Siliguri (North WB),26.7271,88.3953,16.47,99,0,11.5,1012.6,46,0
02-01-2024 03:40,Siliguri (North WB),26.7271,88.3953,17.05,93,0,11,1012.3,22,0
02-01-2024 03:50,Siliguri (North WB),26.7271,88.3953,17.03,100,0,11.4,1012.3,51,0
02-01-2024 04:00,Siliguri (North WB),26.7271,88.3953,17.98,95,0,15.7,1011.4,21,0
02-01-2024 04:10,Siliguri (North WB),26.7271,88.3953,17.48,97,0.31,12.7,1012.2,55,0.31
02-01-2024 04:20,Siliguri (North WB),26.7271,88.3953,18.22,93,0,13.5,1011.4,42,0
02-01-2024 04:30,Siliguri (North WB),26.7271,88.3953,17.51,91,0,15,1012.4,19,0
02-01-2024 04:40,Siliguri (North WB),26.7271,88.3953,17.91,96,0,14.3,1012.2,12,0
02-01-2024 04:50,Siliguri (North WB),26.7271,88.3953,18.08,99,0,11.2,1012.7,43,0
02-01-2024 05:00,Siliguri (North WB),26.7271,88.3953,18.51,99,0,11.1,1010.8,51,0
02-01-2024 05:10,Siliguri (North WB),26.7271,88.3953,18.65,93,3.01,16.2,1012,100,3.01
02-01-2024 05:20,Siliguri (North WB),26.7271,88.3953,19.9,86,0,13.1,1011.4,16,0
02-01-2024 05:30,Siliguri (North WB),26.7271,88.3953,19.2,89,0,12.7,1011.7,56,0
02-01-2024 05:40,Siliguri (North WB),26.7271,88.3953,19.5,89,0,16.4,1011.6,25,0
02-01-2024 05:50,Siliguri (North WB),26.7271,88.3953,19.4,89,0,11.3,1011.5,39,0
02-01-2024 06:00,Siliguri (North WB),26.7271,88.3953,19.4,94,0,11.9,1010.8,40,0
02-01-2024 06:10,Siliguri (North WB),26.7271,88.3953,20.07,82,0,12.1,1011.4,46,0
02-01-2024 06:20,Siliguri (North WB),26.7271,88.3953,20.35,86,0,9.9,1010.9,28,0
02-01-2024 06:30,Siliguri (North WB),26.7271,88.3953,20.26,84,0.63,9,1010.7,34,0.63
02-01-2024 06:40,Siliguri (North WB),26.7271,88.3953,20.46,84,0,13.6,1010.7,36,0
02-01-2024 06:50,Siliguri (North WB),26.7271,88.3953,20.08,85,0,12.3,1010.4,18,0
02-01-2024 07:00,Siliguri (North WB),26.7271,88.3953,22.15,82,0,12.5,1011.1,59,0
02-01-2024 07:10,Siliguri (North WB),26.7271,88.3953,21.33,91,0,13,1010.6,15,0
02-01-2024 07:20,Siliguri (North WB),26.7271,88.3953,22.53,79,0,6.8,1010.9,55,0
02-01-2024 07:30,Siliguri (North WB),26.7271,88.3953,22.31,76,0,13.9,1011,38,0
02-01-2024 07:40,Siliguri (North WB),26.7271,88.3953,22.8,79,0,12.4,1010,49,0
02-01-2024 07:50,Siliguri (North WB),26.7271,88.3953,21.34,83,0,12.7,1011.1,54,0
02-01-2024 08:00,Siliguri (North WB),26.7271,88.3953,23.61,79,0,12.4,1010.5,58,0
02-01-2024 08:10,Siliguri (North WB),26.7271,88.3953,24.93,69,0,13.2,1010.1,48,0
02-01-2024 08:20,Siliguri (North WB),26.7271,88.3953,23.74,74,0,14.9,1010,51,0
02-01-2024 08:30,Siliguri (North WB),26.7271,88.3953,23.8,71,0,12.2,1011,18,0
02-01-2024 08:40,Siliguri (North WB),26.7271,88.3953,24.18,77,0,10.5,1010.6,21,0
02-01-2024 08:50,Siliguri (North WB),26.7271,88.3953,23.59,77,0,12.7,1011.4,41,0
02-01-2024 09:00,Siliguri (North WB),26.7271,88.3953,26.06,66,0,13.2,1010.2,27,0
02-01-2024 09:10,Siliguri (North WB),26.7271,88.3953,25.66,63,1.62,11.4,1009.6,85,1.62
01-01-2024 00:00,Asansol (West WB),23.6739,86.9524,18.44,92,0,9.6,1015.2,44,0
01-01-2024 00:10,Asansol (West WB),23.6739,86.9524,18.38,95,0,8.6,1012.7,37,0
01-01-2024 00:20,Asansol (West WB),23.6739,86.9524,17.38,99,0,8.8,1013.4,47,0
01-01-2024 00:30,Asansol (West WB),23.6739,86.9524,17.98,99,0,8.6,1013.8,24,0
01-01-2024 00:40,Asansol (West WB),23.6739,86.9524,18.33,90,0,7.1,1013.8,48,0
01-01-2024 00:50,Asansol (West WB),23.6739,86.9524,18.69,94,0,9.9,1014,53,0
01-01-2024 01:00,Asansol (West WB),23.6739,86.9524,16.38,98,1.7,9.2,1013,54,1.7
01-01-2024 01:10,Asansol (West WB),23.6739,86.9524,16.88,96,0,7.3,1013,19,0
01-01-2024 01:20,Asansol (West WB),23.6739,86.9524,17.03,94,0,7,1013.4,36,0
01-01-2024 01:30,Asansol (West WB),23.6739,86.9524,16.52,93,0,7,1013,57,0
01-01-2024 01:40,Asansol (West WB),23.6739,86.9524,18,95,0,8.2,1013.1,23,0
01-01-2024 01:50,Asansol (West WB),23.6739,86.9524,16.89,100,0,7.1,1013.3,35,0
01-01-2024 02:00,Asansol (West WB),23.6739,86.9524,17.13,98,3.61,12.7,1013.8,100,3.61
01-01-2024 02:10,Asansol (West WB),23.6739,86.9524,17.21,100,0,10.8,1012.1,12,0
01-01-2024 02:20,Asansol (West WB),23.6739,86.9524,16.6,100,0,9.6,1013,43,0
01-01-2024 02:30,Asansol (West WB),23.6739,86.9524,16.1,100,0.2,8.2,1012.6,34,0.2
01-01-2024 02:40,Asansol (West WB),23.6739,86.9524,16.45,100,3.03,11,1012.8,100,3.03
01-01-2024 02:50,Asansol (West WB),23.6739,86.9524,17.3,99,0,11.1,1013.6,58,0
01-01-2024 03:00,Asansol (West WB),23.6739,86.9524,16.94,100,0,11.5,1013.1,48,0
01-01-2024 03:10,Asansol (West WB),23.6739,86.9524,16.72,96,0,10.5,1012.7,53,0
01-01-2024 03:20,Asansol (West WB),23.6739,86.9524,17.28,100,0,13.3,1012.7,14,0
01-01-2024 03:30,Asansol (West WB),23.6739,86.9524,17.45,100,0,10.7,1012.2,54,0
01-01-2024 03:40,Asansol (West WB),23.6739,86.9524,17.53,96,0,12.5,1011,24,0
01-01-2024 03:50,Asansol (West WB),23.6739,86.9524,17.6,96,0,12.2,1012.4,48,0
01-01-2024 04:00,Asansol (West WB),23.6739,86.9524,18.32,95,5.57,12.9,1011.7,100,5.57
01-01-2024 04:10,Asansol (West WB),23.6739,86.9524,17.96,98,0,11.2,1012,37,0
01-01-2024 04:20,Asansol (West WB),23.6739,86.9524,18.48,91,0,12.1,1011.7,19,0
01-01-2024 04:30,Asansol (West WB),23.6739,86.9524,18.33,93,0,13.7,1011.9,21,0
01-01-2024 04:40,Asansol (West WB),23.6739,86.9524,18.26,93,1.63,14.6,1012.6,75,1.63
01-01-2024 04:50,Asansol (West WB),23.6739,86.9524,17.44,99,0,11.7,1012.1,24,0
01-01-2024 05:00,Asansol (West WB),23.6739,86.9524,19.55,90,0.89,13.3,1011.2,74,0.89
01-01-2024 05:10,Asansol (West WB),23.6739,86.9524,18.77,94,0,12.5,1011.7,55,0
01-01-2024 05:20,Asansol (West WB),23.6739,86.9524,20.01,86,0,12.4,1012.1,17,0
01-01-2024 05:30,Asansol (West WB),23.6739,86.9524,19.35,84,0,14.5,1011.9,35,0
01-01-2024 05:40,Asansol (West WB),23.6739,86.9524,18.93,92,0,15.1,1011.6,16,0
01-01-2024 05:50,Asansol (West WB),23.6739,86.9524,19.68,89,0,12.7,1011.7,18,0
01-01-2024 06:00,Asansol (West WB),23.6739,86.9524,20.85,83,0,10.9,1011.3,38,0
01-01-2024 06:10,Asansol (West WB),23.6739,86.9524,20.07,86,0,14.3,1011.7,34,0
01-01-2024 06:20,Asansol (West WB),23.6739,86.9524,20.51,83,0,9.7,1011.5,12,0
01-01-2024 06:30,Asansol (West WB),23.6739,86.9524,21.03,86,0,12.1,1011.4,29,0
01-01-2024 06:40,Asansol (West WB),23.6739,86.9524,19.8,91,0.05,14.3,1010.7,40,0.05
01-01-2024 06:50,Asansol (West WB),23.6739,86.9524,20.15,89,0,13.8,1010.7,54,0
01-01-2024 07:00,Asansol (West WB),23.6739,86.9524,22.63,78,0,13.7,1010.4,26,0
01-01-2024 07:10,Asansol (West WB),23.6739,86.9524,21.25,86,0,11.8,1009.7,35,0
01-01-2024 07:20,Asansol (West WB),23.6739,86.9524,22.3,79,0,12.5,1011.2,48,0
01-01-2024 07:30,Asansol (West WB),23.6739,86.9524,22.47,78,0,14.2,1010.7,57,0
01-01-2024 07:40,Asansol (West WB),23.6739,86.9524,22.52,78,0,11.3,1010.6,10,0
01-01-2024 07:50,Asansol (West WB),23.6739,86.9524,21.92,84,0,15.5,1010.4,25,0
01-01-2024 08:00,Asansol (West WB),23.6739,86.9524,23.43,77,0,12,1010.1,45,0
01-01-2024 08:10,Asansol (West WB),23.6739,86.9524,23.36,74,0,9.6,1010.6,53,0
01-01-2024 08:20,Asansol (West WB),23.6739,86.9524,23.97,72,1.26,8.6,1009.8,49,1.26
01-01-2024 08:30,Asansol (West WB),23.6739,86.9524,24.97,69,0,11.7,1010.6,56,0
01-01-2024 08:40,Asansol (West WB),23.6739,86.9524,24.25,71,0,10.2,1011.2,13,0
01-01-2024 08:50,Asansol (West WB),23.6739,86.9524,23.09,75,0,13.7,1010.2,51,0
01-01-2024 09:00,Asansol (West WB),23.6739,86.9524,25.57,75,0,14.3,1010.5,38,0
01-01-2024 09:10,Asansol (West WB),23.6739,86.9524,26.25,63,0,10.8,1009.1,38,0
01-01-2024 09:20,Asansol (West WB),23.6739,86.9524,25.73,68,0,11,1010.3,51,0
01-01-2024 09:30,Asansol (West WB),23.6739,86.9524,25.47,66,0,11.1,1010,37,0
01-01-2024 09:40,Asansol (West WB),23.6739,86.9524,26.12,70,0.63,10.5,1009.6,66,0.63
01-01-2024 09:50,Asansol (West WB),23.6739,86.9524,25.67,66,0,11.1,1009.7,39,0
01-01-2024 10:00,Asansol (West WB),23.6739,86.9524,27.74,52,0,9.8,1009.9,48,0
01-01-2024 10:10,Asansol (West WB),23.6739,86.9524,27.86,60,0,9,1010,55,0
01-01-2024 10:20,Asansol (West WB),23.6739,86.9524,27.58,61,0,9.3,1010.1,43,0
01-01-2024 10:30,Asansol (West WB),23.6739,86.9524,27.77,54,0.97,13.2,1009.8,57,0.97
01-01-2024 10:40,Asansol (West WB),23.6739,86.9524,27.96,60,0,11.2,1009.9,11,0
01-01-2024 10:50,Asansol (West WB),23.6739,86.9524,27.69,57,0,9.8,1010.2,53,0
01-01-2024 11:00,Asansol (West WB),23.6739,86.9524,29.29,52,0,10.5,1009.6,17,0
01-01-2024 11:10,Asansol (West WB),23.6739,86.9524,28.34,62,0,7,1011.2,28,0
01-01-2024 11:20,Asansol (West WB),23.6739,86.9524,28.83,57,0,7,1009.9,50,0
01-01-2024 11:30,Asansol (West WB),23.6739,86.9524,28.55,52,0,6.2,1009.8,58,0
01-01-2024 11:40,Asansol (West WB),23.6739,86.9524,29.14,58,0,8.7,1010.1,52,0
01-01-2024 11:50,Asansol (West WB),23.6739,86.9524,29.08,57,0,14.8,1009.8,57,0
01-01-2024 12:00,Asansol (West WB),23.6739,86.9524,30.94,48,0,6.6,1010.4,17,0
01-01-2024 12:10,Asansol (West WB),23.6739,86.9524,29.71,51,0,9.5,1010.3,15,0
01-01-2024 12:20,Asansol (West WB),23.6739,86.9524,30.45,52,0,8.5,1009.9,49,0
01-01-2024 12:30,Asansol (West WB),23.6739,86.9524,30.8,49,0,10.3,1010.2,24,0
01-01-2024 12:40,Asansol (West WB),23.6739,86.9524,29.91,50,0,10.7,1009.6,15,0
01-01-2024 12:50,Asansol (West WB),23.6739,86.9524,29.79,58,0,5.5,1010.6,21,0
01-01-2024 13:00,Asansol (West WB),23.6739,86.9524,31.23,50,0,4.4,1010.2,38,0
01-01-2024 13:10,Asansol (West WB),23.6739,86.9524,31.21,52,0,5.9,1010.6,44,0
01-01-2024 13:20,Asansol (West WB),23.6739,86.9524,30.36,50,0,6.2,1011.1,11,0
01-01-2024 13:30,Asansol (West WB),23.6739,86.9524,30.92,47,1.47,5.9,1011.2,66,1.47
01-01-2024 13:40,Asansol (West WB),23.6739,86.9524,30.7,52,0,7.2,1010.3,45,0
01-01-2024 13:50,Asansol (West WB),23.6739,86.9524,30.22,56,0,5.5,1010.9,48,0
01-01-2024 14:00,Asansol (West WB),23.6739,86.9524,31.2,49,0,6,1010.4,20,0
01-01-2024 14:10,Asansol (West WB),23.6739,86.9524,31.19,48,0,5.6,1010.9,55,0
01-01-2024 14:20,Asansol (West WB),23.6739,86.9524,31.1,50,0,7.2,1011.3,14,0
01-01-2024 14:30,Asansol (West WB),23.6739,86.9524,30.59,52,0,3.1,1011,35,0
01-01-2024 14:40,Asansol (West WB),23.6739,86.9524,30.48,52,0,4,1011.1,21,0
01-01-2024 14:50,Asansol (West WB),23.6739,86.9524,31.63,49,0,7,1010.7,48,0
01-01-2024 15:00,Asansol (West WB),23.6739,86.9524,29.21,56,0,8.6,1011.6,17,0
01-01-2024 15:10,Asansol (West WB),23.6739,86.9524,30.47,53,0,4,1011.3,51,0
01-01-2024 15:20,Asansol (West WB),23.6739,86.9524,30.49,52,0,3.1,1011.8,41,0
01-01-2024 15:30,Asansol (West WB),23.6739,86.9524,30.13,54,0,3.5,1012.1,33,0
01-01-2024 15:40,Asansol (West WB),23.6739,86.9524,30.49,50,0,5.5,1011.1,44,0
01-01-2024 15:50,Asansol (West WB),23.6739,86.9524,30.56,51,0,4.2,1010.8,34,0
01-01-2024 16:00,Asansol (West WB),23.6739,86.9524,29.37,51,0,3.6,1012.6,39,0
01-01-2024 16:10,Asansol (West WB),23.6739,86.9524,29.51,45,0,7.9,1012.7,48,0
01-01-2024 16:20,Asansol (West WB),23.6739,86.9524,30.13,53,3.58,8.8,1012.6,100,3.58
01-01-2024 16:30,Asansol (West WB),23.6739,86.9524,30.17,51,0,4.6,1011,39,0
01-01-2024 16:40,Asansol (West WB),23.6739,86.9524,29.04,58,0,1.3,1011.5,59,0
01-01-2024 16:50,Asansol (West WB),23.6739,86.9524,30.06,48,0,5,1011.5,34,0
01-01-2024 17:00,Asansol (West WB),23.6739,86.9524,28.92,55,0,3.4,1012.5,42,0
01-01-2024 17:10,Asansol (West WB),23.6739,86.9524,29.03,58,0,1.2,1012.8,23,0
01-01-2024 17:20,Asansol (West WB),23.6739,86.9524,28.81,60,0,2.9,1012.4,38,0
01-01-2024 17:30,Asansol (West WB),23.6739,86.9524,28.53,58,0,6.3,1012.8,54,0
01-01-2024 17:40,Asansol (West WB),23.6739,86.9524,28.9,56,0,5.2,1013.2,46,0
01-01-2024 17:50,Asansol (West WB),23.6739,86.9524,28.76,57,0,5.4,1012.3,44,0
01-01-2024 18:00,Asansol (West WB),23.6739,86.9524,27.64,64,0,2.1,1012.6,28,0
01-01-2024 18:10,Asansol (West WB),23.6739,86.9524,28.18,57,0,5,1012.2,35,0
01-01-2024 18:20,Asansol (West WB),23.6739,86.9524,28.2,62,0,0,1014.2,35,0
01-01-2024 18:30,Asansol (West WB),23.6739,86.9524,27.66,59,0,7.7,1012.9,23,0
01-01-2024 18:40,Asansol (West WB),23.6739,86.9524,27.56,63,0,1.6,1013.2,48,0
01-01-2024 18:50,Asansol (West WB),23.6739,86.9524,27.36,63,0,4.1,1013.2,59,0
01-01-2024 19:00,Asansol (West WB),23.6739,86.9524,25.77,65,0,3.5,1013.2,44,0
01-01-2024 19:10,Asansol (West WB),23.6739,86.9524,27.35,66,0,0,1013.8,45,0
01-01-2024 19:20,Asansol (West WB),23.6739,86.9524,25.84,72,0,4.3,1013.7,39,0
01-01-2024 19:30,Asansol (West WB),23.6739,86.9524,25.44,67,0,3.1,1013.4,46,0
01-01-2024 19:40,Asansol (West WB),23.6739,86.9524,25.33,70,0.15,3.6,1013.2,55,0.15
01-01-2024 19:50,Asansol (West WB),23.6739,86.9524,26.19,65,0,0,1013.3,44,0
01-01-2024 20:00,Asansol (West WB),23.6739,86.9524,24.33,75,1.77,6.1,1013.4,57,1.77
01-01-2024 20:10,Asansol (West WB),23.6739,86.9524,23.78,75,0,1.3,1012.9,56,0
01-01-2024 20:20,Asansol (West WB),23.6739,86.9524,23.77,78,0,3.8,1012.6,59,0
01-01-2024 20:30,Asansol (West WB),23.6739,86.9524,23.91,74,0,5.8,1013.5,56,0
01-01-2024 20:40,Asansol (West WB),23.6739,86.9524,24.68,75,0,1.4,1014.1,16,0
01-01-2024 20:50,Asansol (West WB),23.6739,86.9524,24.36,70,0,2.8,1013.5,27,0
01-01-2024 21:00,Asansol (West WB),23.6739,86.9524,22.67,79,0,4.4,1013.8,36,0
01-01-2024 21:10,Asansol (West WB),23.6739,86.9524,23.26,79,0,8.3,1012.6,56,0
01-01-2024 21:20,Asansol (West WB),23.6739,86.9524,22.1,76,0.08,3.9,1013.6,17,0.08
01-01-2024 21:30,Asansol (West WB),23.6739,86.9524,21.49,86,0.1,5.6,1014.6,44,0.1
01-01-2024 21:40,Asansol (West WB),23.6739,86.9524,22.72,79,0,7.5,1014.1,54,0
01-01-2024 21:50,Asansol (West WB),23.6739,86.9524,21.73,83,0,4.6,1013.5,14,0
01-01-2024 22:00,Asansol (West WB),23.6739,86.9524,20.37,85,0,5.3,1014.2,59,0
01-01-2024 22:10,Asansol (West WB),23.6739,86.9524,20.17,86,0,5.6,1013.9,55,0
01-01-2024 22:20,Asansol (West WB),23.6739,86.9524,20.62,82,0,6.4,1012.9,37,0
01-01-2024 22:30,Asansol (West WB),23.6739,86.9524,20.24,90,0,3.3,1013.4,25,0
01-01-2024 22:40,Asansol (West WB),23.6739,86.9524,20.64,81,0,5.7,1013.8,14,0
01-01-2024 22:50,Asansol (West WB),23.6739,86.9524,22.01,82,0,9.3,1013.7,55,0
01-01-2024 23:00,Asansol (West WB),23.6739,86.9524,19.62,85,0,8.1,1015.5,58,0
01-01-2024 23:10,Asansol (West WB),23.6739,86.9524,19.45,87,0,7.3,1014.3,13,0
01-01-2024 23:20,Asansol (West WB),23.6739,86.9524,19.2,88,0,5.2,1013.9,32,0
01-01-2024 23:30,Asansol (West WB),23.6739,86.9524,19.85,90,0,6.1,1014.7,21,0
01-01-2024 23:40,Asansol (West WB),23.6739,86.9524,19.34,90,0.56,11.1,1014.3,59,0.56
01-01-2024 23:50,Asansol (West WB),23.6739,86.9524,19.44,88,0,9.3,1013.9,49,0
02-01-2024 00:00,Asansol (West WB),23.6739,86.9524,17.32,100,3.65,11.6,1013.8,100,3.65
02-01-2024 00:10,Asansol (West WB),23.6739,86.9524,18.24,94,0,9.1,1013.3,14,0
02-01-2024 00:20,Asansol (West WB),23.6739,86.9524,18.33,94,0,11.2,1013.9,41,0
02-01-2024 00:30,Asansol (West WB),23.6739,86.9524,18.19,89,0,9.6,1014.4,26,0
02-01-2024 00:40,Asansol (West WB),23.6739,86.9524,17.85,92,0,6.7,1012.8,36,0
02-01-2024 00:50,Asansol (West WB),23.6739,86.9524,18.15,96,0.34,8.2,1013.9,37,0.34
02-01-2024 01:00,Asansol (West WB),23.6739,86.9524,17.02,98,0,11.2,1013.2,38,0
02-01-2024 01:10,Asansol (West WB),23.6739,86.9524,16.6,98,0,10.8,1013.8,21,0
02-01-2024 01:20,Asansol (West WB),23.6739,86.9524,16.91,100,0.22,8.4,1012.6,48,0.22
02-01-2024 01:30,Asansol (West WB),23.6739,86.9524,16.85,100,0,7.5,1013.8,31,0
02-01-2024 01:40,Asansol (West WB),23.6739,86.9524,16.83,99,0,7.3,1013.5,29,0
02-01-2024 01:50,Asansol (West WB),23.6739,86.9524,17.28,94,0,11.2,1014.6,17,0
02-01-2024 02:00,Asansol (West WB),23.6739,86.9524,16.99,100,0,6.9,1012.6,53,0
02-01-2024 02:10,Asansol (West WB),23.6739,86.9524,16.3,100,0,14.3,1012.9,43,0
02-01-2024 02:20,Asansol (West WB),23.6739,86.9524,16.8,100,0,11.9,1013.6,58,0
02-01-2024 02:30,Asansol (West WB),23.6739,86.9524,17.24,100,1.88,11.8,1013.7,90,1.88
02-01-2024 02:40,Asansol (West WB),23.6739,86.9524,17.82,96,0,15.2,1012.8,12,0
02-01-2024 02:50,Asansol (West WB),23.6739,86.9524,17.32,97,0,9.5,1012.6,48,0
02-01-2024 03:00,Asansol (West WB),23.6739,86.9524,17.32,96,0,11,1012.5,58,0
02-01-2024 03:10,Asansol (West WB),23.6739,86.9524,17.58,94,0,11.7,1012.4,42,0
02-01-2024 03:20,Asansol (West WB),23.6739,86.9524,17.48,91,0,10.9,1012.6,28,0
02-01-2024 03:30,Asansol (West WB),23.6739,86.9524,17.5,98,0,12.3,1013,40,0
02-01-2024 03:40,Asansol (West WB),23.6739,86.9524,16.84,100,0,10.2,1012.2,43,0
02-01-2024 03:50,Asansol (West WB),23.6739,86.9524,16.95,100,0,13.4,1013,26,0
02-01-2024 04:00,Asansol (West WB),23.6739,86.9524,17.83,93,0,13.9,1011.4,50,0
02-01-2024 04:10,Asansol (West WB),23.6739,86.9524,17.89,98,0,12.3,1011.1,15,0
02-01-2024 04:20,Asansol (West WB),23.6739,86.9524,18,92,0,14,1012.4,27,0
02-01-2024 04:30,Asansol (West WB),23.6739,86.9524,17.85,89,0,13.9,1012.5,12,0
02-01-2024 04:40,Asansol (West WB),23.6739,86.9524,17.69,95,0,12.8,1012.5,46,0
02-01-2024 04:50,Asansol (West WB),23.6739,86.9524,17.2,100,0,15.1,1011.5,13,0
02-01-2024 05:00,Asansol (West WB),23.6739,86.9524,18.02,98,0,13.7,1011.6,48,0
02-01-2024 05:10,Asansol (West WB),23.6739,86.9524,18.66,88,0,14.1,1011.6,34,0
02-01-2024 05:20,Asansol (West WB),23.6739,86.9524,19.05,94,0,11.6,1011.5,58,0
02-01-2024 05:30,Asansol (West WB),23.6739,86.9524,19.33,88,0,14.6,1012.2,33,0
02-01-2024 05:40,Asansol (West WB),23.6739,86.9524,17.84,94,0.04,13.1,1011.9,54,0.04
02-01-2024 05:50,Asansol (West WB),23.6739,86.9524,20.24,89,0,7.7,1012.5,20,0
02-01-2024 06:00,Asansol (West WB),23.6739,86.9524,20.88,83,2.28,13.4,1010.6,89,2.28
02-01-2024 06:10,Asansol (West WB),23.6739,86.9524,20.58,84,0,12,1010.4,50,0
02-01-2024 06:20,Asansol (West WB),23.6739,86.9524,21.39,83,0,18.9,1010.5,15,0
02-01-2024 06:30,Asansol (West WB),23.6739,86.9524,20.29,88,0,15.5,1010.6,20,0
02-01-2024 06:40,Asansol (West WB),23.6739,86.9524,21.15,83,0,17.4,1011.2,22,0
02-01-2024 06:50,Asansol (West WB),23.6739,86.9524,20.84,84,0,16.4,1010.6,50,0
02-01-2024 07:00,Asansol (West WB),23.6739,86.9524,22.44,75,0,14.6,1010.5,20,0
02-01-2024 07:10,Asansol (West WB),23.6739,86.9524,22.34,81,0,12.3,1009.9,16,0
02-01-2024 07:20,Asansol (West WB),23.6739,86.9524,21.44,77,0,11.2,1010,52,0
02-01-2024 07:30,Asansol (West WB),23.6739,86.9524,21.98,78,0,11.9,1011.2,10,0
02-01-2024 07:40,Asansol (West WB),23.6739,86.9524,21.87,84,0,11.5,1010.8,21,0
02-01-2024 07:50,Asansol (West WB),23.6739,86.9524,22.01,78,0,16.7,1011.2,14,0
02-01-2024 08:00,Asansol (West WB),23.6739,86.9524,24.53,72,0,9.9,1010.6,47,0
02-01-2024 08:10,Asansol (West WB),23.6739,86.9524,23.8,77,0,14.4,1009.7,48,0
02-01-2024 08:20,Asansol (West WB),23.6739,86.9524,24.3,71,0,14.4,1010.6,21,0
02-01-2024 08:30,Asansol (West WB),23.6739,86.9524,24.81,72,0,13.5,1009.4,51,0
02-01-2024 08:40,Asansol (West WB),23.6739,86.9524,23.66,79,0,13.1,1010.5,43,0
02-01-2024 08:50,Asansol (West WB),23.6739,86.9524,23.55,73,0,11.9,1010.1,54,0
02-01-2024 09:00,Asansol (West WB),23.6739,86.9524,26.24,67,0,12.5,1009.7,18,0
02-01-2024 09:10,Asansol (West WB),23.6739,86.9524,25.71,63,0,12.2,1010.3,46,0
